sample	r1	r2
ERR12670110	ftp.sra.ebi.ac.uk/vol1/fastq/ERR126/010/ERR12670110/ERR12670110_1.fastq.gz	ftp.sra.ebi.ac.uk/vol1/fastq/ERR126/010/ERR12670110/ERR12670110_2.fastq.gz
ERR12670111	ftp.sra.ebi.ac.uk/vol1/fastq/ERR126/011/ERR12670111/ERR12670111_1.fastq.gz	ftp.sra.ebi.ac.uk/vol1/fastq/ERR126/011/ERR12670111/ERR12670111_2.fastq.gz
ERR12670112	ftp.sra.ebi.ac.uk/vol1/fastq/ERR126/012/ERR12670112/ERR12670112_1.fastq.gz	ftp.sra.ebi.ac.uk/vol1/fastq/ERR126/012/ERR12670112/ERR12670112_2.fastq.gz
ERR12670114	ftp.sra.ebi.ac.uk/vol1/fastq/ERR126/014/ERR12670114/ERR12670114_1.fastq.gz	ftp.sra.ebi.ac.uk/vol1/fastq/ERR126/014/ERR12670114/ERR12670114_2.fastq.gz
ERR12670116	ftp.sra.ebi.ac.uk/vol1/fastq/ERR126/016/ERR12670116/ERR12670116_1.fastq.gz	ftp.sra.ebi.ac.uk/vol1/fastq/ERR126/016/ERR12670116/ERR12670116_2.fastq.gz
ERR12670119	ftp.sra.ebi.ac.uk/vol1/fastq/ERR126/019/ERR12670119/ERR12670119_1.fastq.gz	ftp.sra.ebi.ac.uk/vol1/fastq/ERR126/019/ERR12670119/ERR12670119_2.fastq.gz
ERR12670121	ftp.sra.ebi.ac.uk/vol1/fastq/ERR126/021/ERR12670121/ERR12670121_1.fastq.gz	ftp.sra.ebi.ac.uk/vol1/fastq/ERR126/021/ERR12670121/ERR12670121_2.fastq.gz
ERR12670123	ftp.sra.ebi.ac.uk/vol1/fastq/ERR126/023/ERR12670123/ERR12670123_1.fastq.gz	ftp.sra.ebi.ac.uk/vol1/fastq/ERR126/023/ERR12670123/ERR12670123_2.fastq.gz
ERR12670127	ftp.sra.ebi.ac.uk/vol1/fastq/ERR126/027/ERR12670127/ERR12670127_1.fastq.gz	ftp.sra.ebi.ac.uk/vol1/fastq/ERR126/027/ERR12670127/ERR12670127_2.fastq.gz
ERR12670149	ftp.sra.ebi.ac.uk/vol1/fastq/ERR126/049/ERR12670149/ERR12670149_1.fastq.gz	ftp.sra.ebi.ac.uk/vol1/fastq/ERR126/049/ERR12670149/ERR12670149_2.fastq.gz
ERR12670150	ftp.sra.ebi.ac.uk/vol1/fastq/ERR126/050/ERR12670150/ERR12670150_1.fastq.gz	ftp.sra.ebi.ac.uk/vol1/fastq/ERR126/050/ERR12670150/ERR12670150_2.fastq.gz
ERR12670155	ftp.sra.ebi.ac.uk/vol1/fastq/ERR126/055/ERR12670155/ERR12670155_1.fastq.gz	ftp.sra.ebi.ac.uk/vol1/fastq/ERR126/055/ERR12670155/ERR12670155_2.fastq.gz
ERR12670158	ftp.sra.ebi.ac.uk/vol1/fastq/ERR126/058/ERR12670158/ERR12670158_1.fastq.gz	ftp.sra.ebi.ac.uk/vol1/fastq/ERR126/058/ERR12670158/ERR12670158_2.fastq.gz
ERR12670160	ftp.sra.ebi.ac.uk/vol1/fastq/ERR126/060/ERR12670160/ERR12670160_1.fastq.gz	ftp.sra.ebi.ac.uk/vol1/fastq/ERR126/060/ERR12670160/ERR12670160_2.fastq.gz
ERR12670161	ftp.sra.ebi.ac.uk/vol1/fastq/ERR126/061/ERR12670161/ERR12670161_1.fastq.gz	ftp.sra.ebi.ac.uk/vol1/fastq/ERR126/061/ERR12670161/ERR12670161_2.fastq.gz
ERR12670162	ftp.sra.ebi.ac.uk/vol1/fastq/ERR126/062/ERR12670162/ERR12670162_1.fastq.gz	ftp.sra.ebi.ac.uk/vol1/fastq/ERR126/062/ERR12670162/ERR12670162_2.fastq.gz
ERR12670169	ftp.sra.ebi.ac.uk/vol1/fastq/ERR126/069/ERR12670169/ERR12670169_1.fastq.gz	ftp.sra.ebi.ac.uk/vol1/fastq/ERR126/069/ERR12670169/ERR12670169_2.fastq.gz
ERR12670170	ftp.sra.ebi.ac.uk/vol1/fastq/ERR126/070/ERR12670170/ERR12670170_1.fastq.gz	ftp.sra.ebi.ac.uk/vol1/fastq/ERR126/070/ERR12670170/ERR12670170_2.fastq.gz
ERR12670177	ftp.sra.ebi.ac.uk/vol1/fastq/ERR126/077/ERR12670177/ERR12670177_1.fastq.gz	ftp.sra.ebi.ac.uk/vol1/fastq/ERR126/077/ERR12670177/ERR12670177_2.fastq.gz
ERR12670179	ftp.sra.ebi.ac.uk/vol1/fastq/ERR126/079/ERR12670179/ERR12670179_1.fastq.gz	ftp.sra.ebi.ac.uk/vol1/fastq/ERR126/079/ERR12670179/ERR12670179_2.fastq.gz
ERR12670180	ftp.sra.ebi.ac.uk/vol1/fastq/ERR126/080/ERR12670180/ERR12670180_1.fastq.gz	ftp.sra.ebi.ac.uk/vol1/fastq/ERR126/080/ERR12670180/ERR12670180_2.fastq.gz
ERR12670183	ftp.sra.ebi.ac.uk/vol1/fastq/ERR126/083/ERR12670183/ERR12670183_1.fastq.gz	ftp.sra.ebi.ac.uk/vol1/fastq/ERR126/083/ERR12670183/ERR12670183_2.fastq.gz
ERR12670191	ftp.sra.ebi.ac.uk/vol1/fastq/ERR126/091/ERR12670191/ERR12670191_1.fastq.gz	ftp.sra.ebi.ac.uk/vol1/fastq/ERR126/091/ERR12670191/ERR12670191_2.fastq.gz
ERR12670199	ftp.sra.ebi.ac.uk/vol1/fastq/ERR126/099/ERR12670199/ERR12670199_1.fastq.gz	ftp.sra.ebi.ac.uk/vol1/fastq/ERR126/099/ERR12670199/ERR12670199_2.fastq.gz
ERR12670201	ftp.sra.ebi.ac.uk/vol1/fastq/ERR126/001/ERR12670201/ERR12670201_1.fastq.gz	ftp.sra.ebi.ac.uk/vol1/fastq/ERR126/001/ERR12670201/ERR12670201_2.fastq.gz
ERR12670204	ftp.sra.ebi.ac.uk/vol1/fastq/ERR126/004/ERR12670204/ERR12670204_1.fastq.gz	ftp.sra.ebi.ac.uk/vol1/fastq/ERR126/004/ERR12670204/ERR12670204_2.fastq.gz
ERR12670208	ftp.sra.ebi.ac.uk/vol1/fastq/ERR126/008/ERR12670208/ERR12670208_1.fastq.gz	ftp.sra.ebi.ac.uk/vol1/fastq/ERR126/008/ERR12670208/ERR12670208_2.fastq.gz
ERR12670211	ftp.sra.ebi.ac.uk/vol1/fastq/ERR126/011/ERR12670211/ERR12670211_1.fastq.gz	ftp.sra.ebi.ac.uk/vol1/fastq/ERR126/011/ERR12670211/ERR12670211_2.fastq.gz
ERR12670212	ftp.sra.ebi.ac.uk/vol1/fastq/ERR126/012/ERR12670212/ERR12670212_1.fastq.gz	ftp.sra.ebi.ac.uk/vol1/fastq/ERR126/012/ERR12670212/ERR12670212_2.fastq.gz
ERR12670213	ftp.sra.ebi.ac.uk/vol1/fastq/ERR126/013/ERR12670213/ERR12670213_1.fastq.gz	ftp.sra.ebi.ac.uk/vol1/fastq/ERR126/013/ERR12670213/ERR12670213_2.fastq.gz
ERR12670214	ftp.sra.ebi.ac.uk/vol1/fastq/ERR126/014/ERR12670214/ERR12670214_1.fastq.gz	ftp.sra.ebi.ac.uk/vol1/fastq/ERR126/014/ERR12670214/ERR12670214_2.fastq.gz
ERR12670217	ftp.sra.ebi.ac.uk/vol1/fastq/ERR126/017/ERR12670217/ERR12670217_1.fastq.gz	ftp.sra.ebi.ac.uk/vol1/fastq/ERR126/017/ERR12670217/ERR12670217_2.fastq.gz
ERR12670233	ftp.sra.ebi.ac.uk/vol1/fastq/ERR126/033/ERR12670233/ERR12670233_1.fastq.gz	ftp.sra.ebi.ac.uk/vol1/fastq/ERR126/033/ERR12670233/ERR12670233_2.fastq.gz
ERR12670234	ftp.sra.ebi.ac.uk/vol1/fastq/ERR126/034/ERR12670234/ERR12670234_1.fastq.gz	ftp.sra.ebi.ac.uk/vol1/fastq/ERR126/034/ERR12670234/ERR12670234_2.fastq.gz
ERR12670236	ftp.sra.ebi.ac.uk/vol1/fastq/ERR126/036/ERR12670236/ERR12670236_1.fastq.gz	ftp.sra.ebi.ac.uk/vol1/fastq/ERR126/036/ERR12670236/ERR12670236_2.fastq.gz
ERR12670238	ftp.sra.ebi.ac.uk/vol1/fastq/ERR126/038/ERR12670238/ERR12670238_1.fastq.gz	ftp.sra.ebi.ac.uk/vol1/fastq/ERR126/038/ERR12670238/ERR12670238_2.fastq.gz
ERR12670239	ftp.sra.ebi.ac.uk/vol1/fastq/ERR126/039/ERR12670239/ERR12670239_1.fastq.gz	ftp.sra.ebi.ac.uk/vol1/fastq/ERR126/039/ERR12670239/ERR12670239_2.fastq.gz
ERR12670240	ftp.sra.ebi.ac.uk/vol1/fastq/ERR126/040/ERR12670240/ERR12670240_1.fastq.gz	ftp.sra.ebi.ac.uk/vol1/fastq/ERR126/040/ERR12670240/ERR12670240_2.fastq.gz
ERR12670248	ftp.sra.ebi.ac.uk/vol1/fastq/ERR126/048/ERR12670248/ERR12670248_1.fastq.gz	ftp.sra.ebi.ac.uk/vol1/fastq/ERR126/048/ERR12670248/ERR12670248_2.fastq.gz
ERR12670249	ftp.sra.ebi.ac.uk/vol1/fastq/ERR126/049/ERR12670249/ERR12670249_1.fastq.gz	ftp.sra.ebi.ac.uk/vol1/fastq/ERR126/049/ERR12670249/ERR12670249_2.fastq.gz
ERR12670253	ftp.sra.ebi.ac.uk/vol1/fastq/ERR126/053/ERR12670253/ERR12670253_1.fastq.gz	ftp.sra.ebi.ac.uk/vol1/fastq/ERR126/053/ERR12670253/ERR12670253_2.fastq.gz
ERR12670254	ftp.sra.ebi.ac.uk/vol1/fastq/ERR126/054/ERR12670254/ERR12670254_1.fastq.gz	ftp.sra.ebi.ac.uk/vol1/fastq/ERR126/054/ERR12670254/ERR12670254_2.fastq.gz
ERR12670255	ftp.sra.ebi.ac.uk/vol1/fastq/ERR126/055/ERR12670255/ERR12670255_1.fastq.gz	ftp.sra.ebi.ac.uk/vol1/fastq/ERR126/055/ERR12670255/ERR12670255_2.fastq.gz
ERR12670256	ftp.sra.ebi.ac.uk/vol1/fastq/ERR126/056/ERR12670256/ERR12670256_1.fastq.gz	ftp.sra.ebi.ac.uk/vol1/fastq/ERR126/056/ERR12670256/ERR12670256_2.fastq.gz
ERR12670259	ftp.sra.ebi.ac.uk/vol1/fastq/ERR126/059/ERR12670259/ERR12670259_1.fastq.gz	ftp.sra.ebi.ac.uk/vol1/fastq/ERR126/059/ERR12670259/ERR12670259_2.fastq.gz
ERR12670260	ftp.sra.ebi.ac.uk/vol1/fastq/ERR126/060/ERR12670260/ERR12670260_1.fastq.gz	ftp.sra.ebi.ac.uk/vol1/fastq/ERR126/060/ERR12670260/ERR12670260_2.fastq.gz
ERR12670263	ftp.sra.ebi.ac.uk/vol1/fastq/ERR126/063/ERR12670263/ERR12670263_1.fastq.gz	ftp.sra.ebi.ac.uk/vol1/fastq/ERR126/063/ERR12670263/ERR12670263_2.fastq.gz
ERR12670264	ftp.sra.ebi.ac.uk/vol1/fastq/ERR126/064/ERR12670264/ERR12670264_1.fastq.gz	ftp.sra.ebi.ac.uk/vol1/fastq/ERR126/064/ERR12670264/ERR12670264_2.fastq.gz
ERR12670268	ftp.sra.ebi.ac.uk/vol1/fastq/ERR126/068/ERR12670268/ERR12670268_1.fastq.gz	ftp.sra.ebi.ac.uk/vol1/fastq/ERR126/068/ERR12670268/ERR12670268_2.fastq.gz
ERR12670272	ftp.sra.ebi.ac.uk/vol1/fastq/ERR126/072/ERR12670272/ERR12670272_1.fastq.gz	ftp.sra.ebi.ac.uk/vol1/fastq/ERR126/072/ERR12670272/ERR12670272_2.fastq.gz
ERR12670276	ftp.sra.ebi.ac.uk/vol1/fastq/ERR126/076/ERR12670276/ERR12670276_1.fastq.gz	ftp.sra.ebi.ac.uk/vol1/fastq/ERR126/076/ERR12670276/ERR12670276_2.fastq.gz
ERR12670279	ftp.sra.ebi.ac.uk/vol1/fastq/ERR126/079/ERR12670279/ERR12670279_1.fastq.gz	ftp.sra.ebi.ac.uk/vol1/fastq/ERR126/079/ERR12670279/ERR12670279_2.fastq.gz
ERR12670280	ftp.sra.ebi.ac.uk/vol1/fastq/ERR126/080/ERR12670280/ERR12670280_1.fastq.gz	ftp.sra.ebi.ac.uk/vol1/fastq/ERR126/080/ERR12670280/ERR12670280_2.fastq.gz
ERR12670291	ftp.sra.ebi.ac.uk/vol1/fastq/ERR126/091/ERR12670291/ERR12670291_1.fastq.gz	ftp.sra.ebi.ac.uk/vol1/fastq/ERR126/091/ERR12670291/ERR12670291_2.fastq.gz
ERR12670296	ftp.sra.ebi.ac.uk/vol1/fastq/ERR126/096/ERR12670296/ERR12670296_1.fastq.gz	ftp.sra.ebi.ac.uk/vol1/fastq/ERR126/096/ERR12670296/ERR12670296_2.fastq.gz
ERR12670298	ftp.sra.ebi.ac.uk/vol1/fastq/ERR126/098/ERR12670298/ERR12670298_1.fastq.gz	ftp.sra.ebi.ac.uk/vol1/fastq/ERR126/098/ERR12670298/ERR12670298_2.fastq.gz
ERR12670300	ftp.sra.ebi.ac.uk/vol1/fastq/ERR126/000/ERR12670300/ERR12670300_1.fastq.gz	ftp.sra.ebi.ac.uk/vol1/fastq/ERR126/000/ERR12670300/ERR12670300_2.fastq.gz
ERR12670301	ftp.sra.ebi.ac.uk/vol1/fastq/ERR126/001/ERR12670301/ERR12670301_1.fastq.gz	ftp.sra.ebi.ac.uk/vol1/fastq/ERR126/001/ERR12670301/ERR12670301_2.fastq.gz
ERR12670305	ftp.sra.ebi.ac.uk/vol1/fastq/ERR126/005/ERR12670305/ERR12670305_1.fastq.gz	ftp.sra.ebi.ac.uk/vol1/fastq/ERR126/005/ERR12670305/ERR12670305_2.fastq.gz
ERR12670307	ftp.sra.ebi.ac.uk/vol1/fastq/ERR126/007/ERR12670307/ERR12670307_1.fastq.gz	ftp.sra.ebi.ac.uk/vol1/fastq/ERR126/007/ERR12670307/ERR12670307_2.fastq.gz
ERR12670309	ftp.sra.ebi.ac.uk/vol1/fastq/ERR126/009/ERR12670309/ERR12670309_1.fastq.gz	ftp.sra.ebi.ac.uk/vol1/fastq/ERR126/009/ERR12670309/ERR12670309_2.fastq.gz
ERR12670310	ftp.sra.ebi.ac.uk/vol1/fastq/ERR126/010/ERR12670310/ERR12670310_1.fastq.gz	ftp.sra.ebi.ac.uk/vol1/fastq/ERR126/010/ERR12670310/ERR12670310_2.fastq.gz
ERR12670315	ftp.sra.ebi.ac.uk/vol1/fastq/ERR126/015/ERR12670315/ERR12670315_1.fastq.gz	ftp.sra.ebi.ac.uk/vol1/fastq/ERR126/015/ERR12670315/ERR12670315_2.fastq.gz
ERR12670319	ftp.sra.ebi.ac.uk/vol1/fastq/ERR126/019/ERR12670319/ERR12670319_1.fastq.gz	ftp.sra.ebi.ac.uk/vol1/fastq/ERR126/019/ERR12670319/ERR12670319_2.fastq.gz
ERR12670320	ftp.sra.ebi.ac.uk/vol1/fastq/ERR126/020/ERR12670320/ERR12670320_1.fastq.gz	ftp.sra.ebi.ac.uk/vol1/fastq/ERR126/020/ERR12670320/ERR12670320_2.fastq.gz
ERR12670323	ftp.sra.ebi.ac.uk/vol1/fastq/ERR126/023/ERR12670323/ERR12670323_1.fastq.gz	ftp.sra.ebi.ac.uk/vol1/fastq/ERR126/023/ERR12670323/ERR12670323_2.fastq.gz
ERR12670333	ftp.sra.ebi.ac.uk/vol1/fastq/ERR126/033/ERR12670333/ERR12670333_1.fastq.gz	ftp.sra.ebi.ac.uk/vol1/fastq/ERR126/033/ERR12670333/ERR12670333_2.fastq.gz
ERR12670336	ftp.sra.ebi.ac.uk/vol1/fastq/ERR126/036/ERR12670336/ERR12670336_1.fastq.gz	ftp.sra.ebi.ac.uk/vol1/fastq/ERR126/036/ERR12670336/ERR12670336_2.fastq.gz
ERR12670338	ftp.sra.ebi.ac.uk/vol1/fastq/ERR126/038/ERR12670338/ERR12670338_1.fastq.gz	ftp.sra.ebi.ac.uk/vol1/fastq/ERR126/038/ERR12670338/ERR12670338_2.fastq.gz
ERR12670339	ftp.sra.ebi.ac.uk/vol1/fastq/ERR126/039/ERR12670339/ERR12670339_1.fastq.gz	ftp.sra.ebi.ac.uk/vol1/fastq/ERR126/039/ERR12670339/ERR12670339_2.fastq.gz
ERR12670343	ftp.sra.ebi.ac.uk/vol1/fastq/ERR126/043/ERR12670343/ERR12670343_1.fastq.gz	ftp.sra.ebi.ac.uk/vol1/fastq/ERR126/043/ERR12670343/ERR12670343_2.fastq.gz
ERR12670345	ftp.sra.ebi.ac.uk/vol1/fastq/ERR126/045/ERR12670345/ERR12670345_1.fastq.gz	ftp.sra.ebi.ac.uk/vol1/fastq/ERR126/045/ERR12670345/ERR12670345_2.fastq.gz
ERR12670347	ftp.sra.ebi.ac.uk/vol1/fastq/ERR126/047/ERR12670347/ERR12670347_1.fastq.gz	ftp.sra.ebi.ac.uk/vol1/fastq/ERR126/047/ERR12670347/ERR12670347_2.fastq.gz
ERR12670348	ftp.sra.ebi.ac.uk/vol1/fastq/ERR126/048/ERR12670348/ERR12670348_1.fastq.gz	ftp.sra.ebi.ac.uk/vol1/fastq/ERR126/048/ERR12670348/ERR12670348_2.fastq.gz
ERR12670349	ftp.sra.ebi.ac.uk/vol1/fastq/ERR126/049/ERR12670349/ERR12670349_1.fastq.gz	ftp.sra.ebi.ac.uk/vol1/fastq/ERR126/049/ERR12670349/ERR12670349_2.fastq.gz
ERR12670350	ftp.sra.ebi.ac.uk/vol1/fastq/ERR126/050/ERR12670350/ERR12670350_1.fastq.gz	ftp.sra.ebi.ac.uk/vol1/fastq/ERR126/050/ERR12670350/ERR12670350_2.fastq.gz
ERR12670354	ftp.sra.ebi.ac.uk/vol1/fastq/ERR126/054/ERR12670354/ERR12670354_1.fastq.gz	ftp.sra.ebi.ac.uk/vol1/fastq/ERR126/054/ERR12670354/ERR12670354_2.fastq.gz
ERR12670355	ftp.sra.ebi.ac.uk/vol1/fastq/ERR126/055/ERR12670355/ERR12670355_1.fastq.gz	ftp.sra.ebi.ac.uk/vol1/fastq/ERR126/055/ERR12670355/ERR12670355_2.fastq.gz
ERR12670357	ftp.sra.ebi.ac.uk/vol1/fastq/ERR126/057/ERR12670357/ERR12670357_1.fastq.gz	ftp.sra.ebi.ac.uk/vol1/fastq/ERR126/057/ERR12670357/ERR12670357_2.fastq.gz
ERR12670358	ftp.sra.ebi.ac.uk/vol1/fastq/ERR126/058/ERR12670358/ERR12670358_1.fastq.gz	ftp.sra.ebi.ac.uk/vol1/fastq/ERR126/058/ERR12670358/ERR12670358_2.fastq.gz
ERR12670359	ftp.sra.ebi.ac.uk/vol1/fastq/ERR126/059/ERR12670359/ERR12670359_1.fastq.gz	ftp.sra.ebi.ac.uk/vol1/fastq/ERR126/059/ERR12670359/ERR12670359_2.fastq.gz
ERR12670360	ftp.sra.ebi.ac.uk/vol1/fastq/ERR126/060/ERR12670360/ERR12670360_1.fastq.gz	ftp.sra.ebi.ac.uk/vol1/fastq/ERR126/060/ERR12670360/ERR12670360_2.fastq.gz
ERR12670368	ftp.sra.ebi.ac.uk/vol1/fastq/ERR126/068/ERR12670368/ERR12670368_1.fastq.gz	ftp.sra.ebi.ac.uk/vol1/fastq/ERR126/068/ERR12670368/ERR12670368_2.fastq.gz
ERR12670373	ftp.sra.ebi.ac.uk/vol1/fastq/ERR126/073/ERR12670373/ERR12670373_1.fastq.gz	ftp.sra.ebi.ac.uk/vol1/fastq/ERR126/073/ERR12670373/ERR12670373_2.fastq.gz
ERR12670376	ftp.sra.ebi.ac.uk/vol1/fastq/ERR126/076/ERR12670376/ERR12670376_1.fastq.gz	ftp.sra.ebi.ac.uk/vol1/fastq/ERR126/076/ERR12670376/ERR12670376_2.fastq.gz
ERR12670377	ftp.sra.ebi.ac.uk/vol1/fastq/ERR126/077/ERR12670377/ERR12670377_1.fastq.gz	ftp.sra.ebi.ac.uk/vol1/fastq/ERR126/077/ERR12670377/ERR12670377_2.fastq.gz
ERR12670379	ftp.sra.ebi.ac.uk/vol1/fastq/ERR126/079/ERR12670379/ERR12670379_1.fastq.gz	ftp.sra.ebi.ac.uk/vol1/fastq/ERR126/079/ERR12670379/ERR12670379_2.fastq.gz
ERR12670380	ftp.sra.ebi.ac.uk/vol1/fastq/ERR126/080/ERR12670380/ERR12670380_1.fastq.gz	ftp.sra.ebi.ac.uk/vol1/fastq/ERR126/080/ERR12670380/ERR12670380_2.fastq.gz
ERR12670382	ftp.sra.ebi.ac.uk/vol1/fastq/ERR126/082/ERR12670382/ERR12670382_1.fastq.gz	ftp.sra.ebi.ac.uk/vol1/fastq/ERR126/082/ERR12670382/ERR12670382_2.fastq.gz
ERR12670388	ftp.sra.ebi.ac.uk/vol1/fastq/ERR126/088/ERR12670388/ERR12670388_1.fastq.gz	ftp.sra.ebi.ac.uk/vol1/fastq/ERR126/088/ERR12670388/ERR12670388_2.fastq.gz
ERR12670391	ftp.sra.ebi.ac.uk/vol1/fastq/ERR126/091/ERR12670391/ERR12670391_1.fastq.gz	ftp.sra.ebi.ac.uk/vol1/fastq/ERR126/091/ERR12670391/ERR12670391_2.fastq.gz
ERR12670396	ftp.sra.ebi.ac.uk/vol1/fastq/ERR126/096/ERR12670396/ERR12670396_1.fastq.gz	ftp.sra.ebi.ac.uk/vol1/fastq/ERR126/096/ERR12670396/ERR12670396_2.fastq.gz
ERR12670397	ftp.sra.ebi.ac.uk/vol1/fastq/ERR126/097/ERR12670397/ERR12670397_1.fastq.gz	ftp.sra.ebi.ac.uk/vol1/fastq/ERR126/097/ERR12670397/ERR12670397_2.fastq.gz
ERR12670399	ftp.sra.ebi.ac.uk/vol1/fastq/ERR126/099/ERR12670399/ERR12670399_1.fastq.gz	ftp.sra.ebi.ac.uk/vol1/fastq/ERR126/099/ERR12670399/ERR12670399_2.fastq.gz
ERR12670402	ftp.sra.ebi.ac.uk/vol1/fastq/ERR126/002/ERR12670402/ERR12670402_1.fastq.gz	ftp.sra.ebi.ac.uk/vol1/fastq/ERR126/002/ERR12670402/ERR12670402_2.fastq.gz
ERR12670404	ftp.sra.ebi.ac.uk/vol1/fastq/ERR126/004/ERR12670404/ERR12670404_1.fastq.gz	ftp.sra.ebi.ac.uk/vol1/fastq/ERR126/004/ERR12670404/ERR12670404_2.fastq.gz
ERR12670414	ftp.sra.ebi.ac.uk/vol1/fastq/ERR126/014/ERR12670414/ERR12670414_1.fastq.gz	ftp.sra.ebi.ac.uk/vol1/fastq/ERR126/014/ERR12670414/ERR12670414_2.fastq.gz
ERR12670415	ftp.sra.ebi.ac.uk/vol1/fastq/ERR126/015/ERR12670415/ERR12670415_1.fastq.gz	ftp.sra.ebi.ac.uk/vol1/fastq/ERR126/015/ERR12670415/ERR12670415_2.fastq.gz
ERR12670416	ftp.sra.ebi.ac.uk/vol1/fastq/ERR126/016/ERR12670416/ERR12670416_1.fastq.gz	ftp.sra.ebi.ac.uk/vol1/fastq/ERR126/016/ERR12670416/ERR12670416_2.fastq.gz
ERR12670419	ftp.sra.ebi.ac.uk/vol1/fastq/ERR126/019/ERR12670419/ERR12670419_1.fastq.gz	ftp.sra.ebi.ac.uk/vol1/fastq/ERR126/019/ERR12670419/ERR12670419_2.fastq.gz
ERR12670423	ftp.sra.ebi.ac.uk/vol1/fastq/ERR126/023/ERR12670423/ERR12670423_1.fastq.gz	ftp.sra.ebi.ac.uk/vol1/fastq/ERR126/023/ERR12670423/ERR12670423_2.fastq.gz
ERR12670426	ftp.sra.ebi.ac.uk/vol1/fastq/ERR126/026/ERR12670426/ERR12670426_1.fastq.gz	ftp.sra.ebi.ac.uk/vol1/fastq/ERR126/026/ERR12670426/ERR12670426_2.fastq.gz
ERR12670427	ftp.sra.ebi.ac.uk/vol1/fastq/ERR126/027/ERR12670427/ERR12670427_1.fastq.gz	ftp.sra.ebi.ac.uk/vol1/fastq/ERR126/027/ERR12670427/ERR12670427_2.fastq.gz
ERR12670429	ftp.sra.ebi.ac.uk/vol1/fastq/ERR126/029/ERR12670429/ERR12670429_1.fastq.gz	ftp.sra.ebi.ac.uk/vol1/fastq/ERR126/029/ERR12670429/ERR12670429_2.fastq.gz
ERR12670430	ftp.sra.ebi.ac.uk/vol1/fastq/ERR126/030/ERR12670430/ERR12670430_1.fastq.gz	ftp.sra.ebi.ac.uk/vol1/fastq/ERR126/030/ERR12670430/ERR12670430_2.fastq.gz
ERR12670431	ftp.sra.ebi.ac.uk/vol1/fastq/ERR126/031/ERR12670431/ERR12670431_1.fastq.gz	ftp.sra.ebi.ac.uk/vol1/fastq/ERR126/031/ERR12670431/ERR12670431_2.fastq.gz
ERR12670445	ftp.sra.ebi.ac.uk/vol1/fastq/ERR126/045/ERR12670445/ERR12670445_1.fastq.gz	ftp.sra.ebi.ac.uk/vol1/fastq/ERR126/045/ERR12670445/ERR12670445_2.fastq.gz
ERR12670447	ftp.sra.ebi.ac.uk/vol1/fastq/ERR126/047/ERR12670447/ERR12670447_1.fastq.gz	ftp.sra.ebi.ac.uk/vol1/fastq/ERR126/047/ERR12670447/ERR12670447_2.fastq.gz
ERR12670448	ftp.sra.ebi.ac.uk/vol1/fastq/ERR126/048/ERR12670448/ERR12670448_1.fastq.gz	ftp.sra.ebi.ac.uk/vol1/fastq/ERR126/048/ERR12670448/ERR12670448_2.fastq.gz
ERR12670456	ftp.sra.ebi.ac.uk/vol1/fastq/ERR126/056/ERR12670456/ERR12670456_1.fastq.gz	ftp.sra.ebi.ac.uk/vol1/fastq/ERR126/056/ERR12670456/ERR12670456_2.fastq.gz
ERR12670461	ftp.sra.ebi.ac.uk/vol1/fastq/ERR126/061/ERR12670461/ERR12670461_1.fastq.gz	ftp.sra.ebi.ac.uk/vol1/fastq/ERR126/061/ERR12670461/ERR12670461_2.fastq.gz
ERR12670462	ftp.sra.ebi.ac.uk/vol1/fastq/ERR126/062/ERR12670462/ERR12670462_1.fastq.gz	ftp.sra.ebi.ac.uk/vol1/fastq/ERR126/062/ERR12670462/ERR12670462_2.fastq.gz
ERR12670469	ftp.sra.ebi.ac.uk/vol1/fastq/ERR126/069/ERR12670469/ERR12670469_1.fastq.gz	ftp.sra.ebi.ac.uk/vol1/fastq/ERR126/069/ERR12670469/ERR12670469_2.fastq.gz
ERR12670478	ftp.sra.ebi.ac.uk/vol1/fastq/ERR126/078/ERR12670478/ERR12670478_1.fastq.gz	ftp.sra.ebi.ac.uk/vol1/fastq/ERR126/078/ERR12670478/ERR12670478_2.fastq.gz
ERR12670479	ftp.sra.ebi.ac.uk/vol1/fastq/ERR126/079/ERR12670479/ERR12670479_1.fastq.gz	ftp.sra.ebi.ac.uk/vol1/fastq/ERR126/079/ERR12670479/ERR12670479_2.fastq.gz
ERR12670480	ftp.sra.ebi.ac.uk/vol1/fastq/ERR126/080/ERR12670480/ERR12670480_1.fastq.gz	ftp.sra.ebi.ac.uk/vol1/fastq/ERR126/080/ERR12670480/ERR12670480_2.fastq.gz
ERR12670485	ftp.sra.ebi.ac.uk/vol1/fastq/ERR126/085/ERR12670485/ERR12670485_1.fastq.gz	ftp.sra.ebi.ac.uk/vol1/fastq/ERR126/085/ERR12670485/ERR12670485_2.fastq.gz
ERR12670495	ftp.sra.ebi.ac.uk/vol1/fastq/ERR126/095/ERR12670495/ERR12670495_1.fastq.gz	ftp.sra.ebi.ac.uk/vol1/fastq/ERR126/095/ERR12670495/ERR12670495_2.fastq.gz
ERR12670498	ftp.sra.ebi.ac.uk/vol1/fastq/ERR126/098/ERR12670498/ERR12670498_1.fastq.gz	ftp.sra.ebi.ac.uk/vol1/fastq/ERR126/098/ERR12670498/ERR12670498_2.fastq.gz
ERR12670500	ftp.sra.ebi.ac.uk/vol1/fastq/ERR126/000/ERR12670500/ERR12670500_1.fastq.gz	ftp.sra.ebi.ac.uk/vol1/fastq/ERR126/000/ERR12670500/ERR12670500_2.fastq.gz
ERR12670509	ftp.sra.ebi.ac.uk/vol1/fastq/ERR126/009/ERR12670509/ERR12670509_1.fastq.gz	ftp.sra.ebi.ac.uk/vol1/fastq/ERR126/009/ERR12670509/ERR12670509_2.fastq.gz
ERR12670511	ftp.sra.ebi.ac.uk/vol1/fastq/ERR126/011/ERR12670511/ERR12670511_1.fastq.gz	ftp.sra.ebi.ac.uk/vol1/fastq/ERR126/011/ERR12670511/ERR12670511_2.fastq.gz
ERR12670118	ftp.sra.ebi.ac.uk/vol1/fastq/ERR126/018/ERR12670118/ERR12670118_1.fastq.gz	ftp.sra.ebi.ac.uk/vol1/fastq/ERR126/018/ERR12670118/ERR12670118_2.fastq.gz
ERR12670120	ftp.sra.ebi.ac.uk/vol1/fastq/ERR126/020/ERR12670120/ERR12670120_1.fastq.gz	ftp.sra.ebi.ac.uk/vol1/fastq/ERR126/020/ERR12670120/ERR12670120_2.fastq.gz
ERR12670122	ftp.sra.ebi.ac.uk/vol1/fastq/ERR126/022/ERR12670122/ERR12670122_1.fastq.gz	ftp.sra.ebi.ac.uk/vol1/fastq/ERR126/022/ERR12670122/ERR12670122_2.fastq.gz
ERR12670124	ftp.sra.ebi.ac.uk/vol1/fastq/ERR126/024/ERR12670124/ERR12670124_1.fastq.gz	ftp.sra.ebi.ac.uk/vol1/fastq/ERR126/024/ERR12670124/ERR12670124_2.fastq.gz
ERR12670125	ftp.sra.ebi.ac.uk/vol1/fastq/ERR126/025/ERR12670125/ERR12670125_1.fastq.gz	ftp.sra.ebi.ac.uk/vol1/fastq/ERR126/025/ERR12670125/ERR12670125_2.fastq.gz
ERR12670130	ftp.sra.ebi.ac.uk/vol1/fastq/ERR126/030/ERR12670130/ERR12670130_1.fastq.gz	ftp.sra.ebi.ac.uk/vol1/fastq/ERR126/030/ERR12670130/ERR12670130_2.fastq.gz
ERR12670134	ftp.sra.ebi.ac.uk/vol1/fastq/ERR126/034/ERR12670134/ERR12670134_1.fastq.gz	ftp.sra.ebi.ac.uk/vol1/fastq/ERR126/034/ERR12670134/ERR12670134_2.fastq.gz
ERR12670135	ftp.sra.ebi.ac.uk/vol1/fastq/ERR126/035/ERR12670135/ERR12670135_1.fastq.gz	ftp.sra.ebi.ac.uk/vol1/fastq/ERR126/035/ERR12670135/ERR12670135_2.fastq.gz
ERR12670136	ftp.sra.ebi.ac.uk/vol1/fastq/ERR126/036/ERR12670136/ERR12670136_1.fastq.gz	ftp.sra.ebi.ac.uk/vol1/fastq/ERR126/036/ERR12670136/ERR12670136_2.fastq.gz
ERR12670141	ftp.sra.ebi.ac.uk/vol1/fastq/ERR126/041/ERR12670141/ERR12670141_1.fastq.gz	ftp.sra.ebi.ac.uk/vol1/fastq/ERR126/041/ERR12670141/ERR12670141_2.fastq.gz
ERR12670142	ftp.sra.ebi.ac.uk/vol1/fastq/ERR126/042/ERR12670142/ERR12670142_1.fastq.gz	ftp.sra.ebi.ac.uk/vol1/fastq/ERR126/042/ERR12670142/ERR12670142_2.fastq.gz
ERR12670143	ftp.sra.ebi.ac.uk/vol1/fastq/ERR126/043/ERR12670143/ERR12670143_1.fastq.gz	ftp.sra.ebi.ac.uk/vol1/fastq/ERR126/043/ERR12670143/ERR12670143_2.fastq.gz
ERR12670144	ftp.sra.ebi.ac.uk/vol1/fastq/ERR126/044/ERR12670144/ERR12670144_1.fastq.gz	ftp.sra.ebi.ac.uk/vol1/fastq/ERR126/044/ERR12670144/ERR12670144_2.fastq.gz
ERR12670145	ftp.sra.ebi.ac.uk/vol1/fastq/ERR126/045/ERR12670145/ERR12670145_1.fastq.gz	ftp.sra.ebi.ac.uk/vol1/fastq/ERR126/045/ERR12670145/ERR12670145_2.fastq.gz
ERR12670147	ftp.sra.ebi.ac.uk/vol1/fastq/ERR126/047/ERR12670147/ERR12670147_1.fastq.gz	ftp.sra.ebi.ac.uk/vol1/fastq/ERR126/047/ERR12670147/ERR12670147_2.fastq.gz
ERR12670151	ftp.sra.ebi.ac.uk/vol1/fastq/ERR126/051/ERR12670151/ERR12670151_1.fastq.gz	ftp.sra.ebi.ac.uk/vol1/fastq/ERR126/051/ERR12670151/ERR12670151_2.fastq.gz
ERR12670156	ftp.sra.ebi.ac.uk/vol1/fastq/ERR126/056/ERR12670156/ERR12670156_1.fastq.gz	ftp.sra.ebi.ac.uk/vol1/fastq/ERR126/056/ERR12670156/ERR12670156_2.fastq.gz
ERR12670159	ftp.sra.ebi.ac.uk/vol1/fastq/ERR126/059/ERR12670159/ERR12670159_1.fastq.gz	ftp.sra.ebi.ac.uk/vol1/fastq/ERR126/059/ERR12670159/ERR12670159_2.fastq.gz
ERR12670164	ftp.sra.ebi.ac.uk/vol1/fastq/ERR126/064/ERR12670164/ERR12670164_1.fastq.gz	ftp.sra.ebi.ac.uk/vol1/fastq/ERR126/064/ERR12670164/ERR12670164_2.fastq.gz
ERR12670165	ftp.sra.ebi.ac.uk/vol1/fastq/ERR126/065/ERR12670165/ERR12670165_1.fastq.gz	ftp.sra.ebi.ac.uk/vol1/fastq/ERR126/065/ERR12670165/ERR12670165_2.fastq.gz
ERR12670166	ftp.sra.ebi.ac.uk/vol1/fastq/ERR126/066/ERR12670166/ERR12670166_1.fastq.gz	ftp.sra.ebi.ac.uk/vol1/fastq/ERR126/066/ERR12670166/ERR12670166_2.fastq.gz
ERR12670167	ftp.sra.ebi.ac.uk/vol1/fastq/ERR126/067/ERR12670167/ERR12670167_1.fastq.gz	ftp.sra.ebi.ac.uk/vol1/fastq/ERR126/067/ERR12670167/ERR12670167_2.fastq.gz
ERR12670176	ftp.sra.ebi.ac.uk/vol1/fastq/ERR126/076/ERR12670176/ERR12670176_1.fastq.gz	ftp.sra.ebi.ac.uk/vol1/fastq/ERR126/076/ERR12670176/ERR12670176_2.fastq.gz
ERR12670178	ftp.sra.ebi.ac.uk/vol1/fastq/ERR126/078/ERR12670178/ERR12670178_1.fastq.gz	ftp.sra.ebi.ac.uk/vol1/fastq/ERR126/078/ERR12670178/ERR12670178_2.fastq.gz
ERR12670184	ftp.sra.ebi.ac.uk/vol1/fastq/ERR126/084/ERR12670184/ERR12670184_1.fastq.gz	ftp.sra.ebi.ac.uk/vol1/fastq/ERR126/084/ERR12670184/ERR12670184_2.fastq.gz
ERR12670185	ftp.sra.ebi.ac.uk/vol1/fastq/ERR126/085/ERR12670185/ERR12670185_1.fastq.gz	ftp.sra.ebi.ac.uk/vol1/fastq/ERR126/085/ERR12670185/ERR12670185_2.fastq.gz
ERR12670189	ftp.sra.ebi.ac.uk/vol1/fastq/ERR126/089/ERR12670189/ERR12670189_1.fastq.gz	ftp.sra.ebi.ac.uk/vol1/fastq/ERR126/089/ERR12670189/ERR12670189_2.fastq.gz
ERR12670192	ftp.sra.ebi.ac.uk/vol1/fastq/ERR126/092/ERR12670192/ERR12670192_1.fastq.gz	ftp.sra.ebi.ac.uk/vol1/fastq/ERR126/092/ERR12670192/ERR12670192_2.fastq.gz
ERR12670194	ftp.sra.ebi.ac.uk/vol1/fastq/ERR126/094/ERR12670194/ERR12670194_1.fastq.gz	ftp.sra.ebi.ac.uk/vol1/fastq/ERR126/094/ERR12670194/ERR12670194_2.fastq.gz
ERR12670195	ftp.sra.ebi.ac.uk/vol1/fastq/ERR126/095/ERR12670195/ERR12670195_1.fastq.gz	ftp.sra.ebi.ac.uk/vol1/fastq/ERR126/095/ERR12670195/ERR12670195_2.fastq.gz
ERR12670196	ftp.sra.ebi.ac.uk/vol1/fastq/ERR126/096/ERR12670196/ERR12670196_1.fastq.gz	ftp.sra.ebi.ac.uk/vol1/fastq/ERR126/096/ERR12670196/ERR12670196_2.fastq.gz
ERR12670200	ftp.sra.ebi.ac.uk/vol1/fastq/ERR126/000/ERR12670200/ERR12670200_1.fastq.gz	ftp.sra.ebi.ac.uk/vol1/fastq/ERR126/000/ERR12670200/ERR12670200_2.fastq.gz
ERR12670202	ftp.sra.ebi.ac.uk/vol1/fastq/ERR126/002/ERR12670202/ERR12670202_1.fastq.gz	ftp.sra.ebi.ac.uk/vol1/fastq/ERR126/002/ERR12670202/ERR12670202_2.fastq.gz
ERR12670205	ftp.sra.ebi.ac.uk/vol1/fastq/ERR126/005/ERR12670205/ERR12670205_1.fastq.gz	ftp.sra.ebi.ac.uk/vol1/fastq/ERR126/005/ERR12670205/ERR12670205_2.fastq.gz
ERR12670215	ftp.sra.ebi.ac.uk/vol1/fastq/ERR126/015/ERR12670215/ERR12670215_1.fastq.gz	ftp.sra.ebi.ac.uk/vol1/fastq/ERR126/015/ERR12670215/ERR12670215_2.fastq.gz
ERR12670216	ftp.sra.ebi.ac.uk/vol1/fastq/ERR126/016/ERR12670216/ERR12670216_1.fastq.gz	ftp.sra.ebi.ac.uk/vol1/fastq/ERR126/016/ERR12670216/ERR12670216_2.fastq.gz
ERR12670218	ftp.sra.ebi.ac.uk/vol1/fastq/ERR126/018/ERR12670218/ERR12670218_1.fastq.gz	ftp.sra.ebi.ac.uk/vol1/fastq/ERR126/018/ERR12670218/ERR12670218_2.fastq.gz
ERR12670221	ftp.sra.ebi.ac.uk/vol1/fastq/ERR126/021/ERR12670221/ERR12670221_1.fastq.gz	ftp.sra.ebi.ac.uk/vol1/fastq/ERR126/021/ERR12670221/ERR12670221_2.fastq.gz
ERR12670225	ftp.sra.ebi.ac.uk/vol1/fastq/ERR126/025/ERR12670225/ERR12670225_1.fastq.gz	ftp.sra.ebi.ac.uk/vol1/fastq/ERR126/025/ERR12670225/ERR12670225_2.fastq.gz
ERR12670226	ftp.sra.ebi.ac.uk/vol1/fastq/ERR126/026/ERR12670226/ERR12670226_1.fastq.gz	ftp.sra.ebi.ac.uk/vol1/fastq/ERR126/026/ERR12670226/ERR12670226_2.fastq.gz
ERR12670228	ftp.sra.ebi.ac.uk/vol1/fastq/ERR126/028/ERR12670228/ERR12670228_1.fastq.gz	ftp.sra.ebi.ac.uk/vol1/fastq/ERR126/028/ERR12670228/ERR12670228_2.fastq.gz
ERR12670229	ftp.sra.ebi.ac.uk/vol1/fastq/ERR126/029/ERR12670229/ERR12670229_1.fastq.gz	ftp.sra.ebi.ac.uk/vol1/fastq/ERR126/029/ERR12670229/ERR12670229_2.fastq.gz
ERR12670241	ftp.sra.ebi.ac.uk/vol1/fastq/ERR126/041/ERR12670241/ERR12670241_1.fastq.gz	ftp.sra.ebi.ac.uk/vol1/fastq/ERR126/041/ERR12670241/ERR12670241_2.fastq.gz
ERR12670242	ftp.sra.ebi.ac.uk/vol1/fastq/ERR126/042/ERR12670242/ERR12670242_1.fastq.gz	ftp.sra.ebi.ac.uk/vol1/fastq/ERR126/042/ERR12670242/ERR12670242_2.fastq.gz
ERR12670243	ftp.sra.ebi.ac.uk/vol1/fastq/ERR126/043/ERR12670243/ERR12670243_1.fastq.gz	ftp.sra.ebi.ac.uk/vol1/fastq/ERR126/043/ERR12670243/ERR12670243_2.fastq.gz
ERR12670250	ftp.sra.ebi.ac.uk/vol1/fastq/ERR126/050/ERR12670250/ERR12670250_1.fastq.gz	ftp.sra.ebi.ac.uk/vol1/fastq/ERR126/050/ERR12670250/ERR12670250_2.fastq.gz
ERR12670251	ftp.sra.ebi.ac.uk/vol1/fastq/ERR126/051/ERR12670251/ERR12670251_1.fastq.gz	ftp.sra.ebi.ac.uk/vol1/fastq/ERR126/051/ERR12670251/ERR12670251_2.fastq.gz
ERR12670252	ftp.sra.ebi.ac.uk/vol1/fastq/ERR126/052/ERR12670252/ERR12670252_1.fastq.gz	ftp.sra.ebi.ac.uk/vol1/fastq/ERR126/052/ERR12670252/ERR12670252_2.fastq.gz
ERR12670257	ftp.sra.ebi.ac.uk/vol1/fastq/ERR126/057/ERR12670257/ERR12670257_1.fastq.gz	ftp.sra.ebi.ac.uk/vol1/fastq/ERR126/057/ERR12670257/ERR12670257_2.fastq.gz
ERR12670258	ftp.sra.ebi.ac.uk/vol1/fastq/ERR126/058/ERR12670258/ERR12670258_1.fastq.gz	ftp.sra.ebi.ac.uk/vol1/fastq/ERR126/058/ERR12670258/ERR12670258_2.fastq.gz
ERR12670262	ftp.sra.ebi.ac.uk/vol1/fastq/ERR126/062/ERR12670262/ERR12670262_1.fastq.gz	ftp.sra.ebi.ac.uk/vol1/fastq/ERR126/062/ERR12670262/ERR12670262_2.fastq.gz
ERR12670269	ftp.sra.ebi.ac.uk/vol1/fastq/ERR126/069/ERR12670269/ERR12670269_1.fastq.gz	ftp.sra.ebi.ac.uk/vol1/fastq/ERR126/069/ERR12670269/ERR12670269_2.fastq.gz
ERR12670271	ftp.sra.ebi.ac.uk/vol1/fastq/ERR126/071/ERR12670271/ERR12670271_1.fastq.gz	ftp.sra.ebi.ac.uk/vol1/fastq/ERR126/071/ERR12670271/ERR12670271_2.fastq.gz
ERR12670273	ftp.sra.ebi.ac.uk/vol1/fastq/ERR126/073/ERR12670273/ERR12670273_1.fastq.gz	ftp.sra.ebi.ac.uk/vol1/fastq/ERR126/073/ERR12670273/ERR12670273_2.fastq.gz
ERR12670274	ftp.sra.ebi.ac.uk/vol1/fastq/ERR126/074/ERR12670274/ERR12670274_1.fastq.gz	ftp.sra.ebi.ac.uk/vol1/fastq/ERR126/074/ERR12670274/ERR12670274_2.fastq.gz
ERR12670275	ftp.sra.ebi.ac.uk/vol1/fastq/ERR126/075/ERR12670275/ERR12670275_1.fastq.gz	ftp.sra.ebi.ac.uk/vol1/fastq/ERR126/075/ERR12670275/ERR12670275_2.fastq.gz
ERR12670277	ftp.sra.ebi.ac.uk/vol1/fastq/ERR126/077/ERR12670277/ERR12670277_1.fastq.gz	ftp.sra.ebi.ac.uk/vol1/fastq/ERR126/077/ERR12670277/ERR12670277_2.fastq.gz
ERR12670278	ftp.sra.ebi.ac.uk/vol1/fastq/ERR126/078/ERR12670278/ERR12670278_1.fastq.gz	ftp.sra.ebi.ac.uk/vol1/fastq/ERR126/078/ERR12670278/ERR12670278_2.fastq.gz
ERR12670281	ftp.sra.ebi.ac.uk/vol1/fastq/ERR126/081/ERR12670281/ERR12670281_1.fastq.gz	ftp.sra.ebi.ac.uk/vol1/fastq/ERR126/081/ERR12670281/ERR12670281_2.fastq.gz
ERR12670283	ftp.sra.ebi.ac.uk/vol1/fastq/ERR126/083/ERR12670283/ERR12670283_1.fastq.gz	ftp.sra.ebi.ac.uk/vol1/fastq/ERR126/083/ERR12670283/ERR12670283_2.fastq.gz
ERR12670285	ftp.sra.ebi.ac.uk/vol1/fastq/ERR126/085/ERR12670285/ERR12670285_1.fastq.gz	ftp.sra.ebi.ac.uk/vol1/fastq/ERR126/085/ERR12670285/ERR12670285_2.fastq.gz
ERR12670286	ftp.sra.ebi.ac.uk/vol1/fastq/ERR126/086/ERR12670286/ERR12670286_1.fastq.gz	ftp.sra.ebi.ac.uk/vol1/fastq/ERR126/086/ERR12670286/ERR12670286_2.fastq.gz
ERR12670287	ftp.sra.ebi.ac.uk/vol1/fastq/ERR126/087/ERR12670287/ERR12670287_1.fastq.gz	ftp.sra.ebi.ac.uk/vol1/fastq/ERR126/087/ERR12670287/ERR12670287_2.fastq.gz
ERR12670290	ftp.sra.ebi.ac.uk/vol1/fastq/ERR126/090/ERR12670290/ERR12670290_1.fastq.gz	ftp.sra.ebi.ac.uk/vol1/fastq/ERR126/090/ERR12670290/ERR12670290_2.fastq.gz
ERR12670292	ftp.sra.ebi.ac.uk/vol1/fastq/ERR126/092/ERR12670292/ERR12670292_1.fastq.gz	ftp.sra.ebi.ac.uk/vol1/fastq/ERR126/092/ERR12670292/ERR12670292_2.fastq.gz
ERR12670293	ftp.sra.ebi.ac.uk/vol1/fastq/ERR126/093/ERR12670293/ERR12670293_1.fastq.gz	ftp.sra.ebi.ac.uk/vol1/fastq/ERR126/093/ERR12670293/ERR12670293_2.fastq.gz
ERR12670294	ftp.sra.ebi.ac.uk/vol1/fastq/ERR126/094/ERR12670294/ERR12670294_1.fastq.gz	ftp.sra.ebi.ac.uk/vol1/fastq/ERR126/094/ERR12670294/ERR12670294_2.fastq.gz
ERR12670295	ftp.sra.ebi.ac.uk/vol1/fastq/ERR126/095/ERR12670295/ERR12670295_1.fastq.gz	ftp.sra.ebi.ac.uk/vol1/fastq/ERR126/095/ERR12670295/ERR12670295_2.fastq.gz
ERR12670299	ftp.sra.ebi.ac.uk/vol1/fastq/ERR126/099/ERR12670299/ERR12670299_1.fastq.gz	ftp.sra.ebi.ac.uk/vol1/fastq/ERR126/099/ERR12670299/ERR12670299_2.fastq.gz
ERR12670302	ftp.sra.ebi.ac.uk/vol1/fastq/ERR126/002/ERR12670302/ERR12670302_1.fastq.gz	ftp.sra.ebi.ac.uk/vol1/fastq/ERR126/002/ERR12670302/ERR12670302_2.fastq.gz
ERR12670303	ftp.sra.ebi.ac.uk/vol1/fastq/ERR126/003/ERR12670303/ERR12670303_1.fastq.gz	ftp.sra.ebi.ac.uk/vol1/fastq/ERR126/003/ERR12670303/ERR12670303_2.fastq.gz
ERR12670306	ftp.sra.ebi.ac.uk/vol1/fastq/ERR126/006/ERR12670306/ERR12670306_1.fastq.gz	ftp.sra.ebi.ac.uk/vol1/fastq/ERR126/006/ERR12670306/ERR12670306_2.fastq.gz
ERR12670311	ftp.sra.ebi.ac.uk/vol1/fastq/ERR126/011/ERR12670311/ERR12670311_1.fastq.gz	ftp.sra.ebi.ac.uk/vol1/fastq/ERR126/011/ERR12670311/ERR12670311_2.fastq.gz
ERR12670312	ftp.sra.ebi.ac.uk/vol1/fastq/ERR126/012/ERR12670312/ERR12670312_1.fastq.gz	ftp.sra.ebi.ac.uk/vol1/fastq/ERR126/012/ERR12670312/ERR12670312_2.fastq.gz
ERR12670313	ftp.sra.ebi.ac.uk/vol1/fastq/ERR126/013/ERR12670313/ERR12670313_1.fastq.gz	ftp.sra.ebi.ac.uk/vol1/fastq/ERR126/013/ERR12670313/ERR12670313_2.fastq.gz
ERR12670314	ftp.sra.ebi.ac.uk/vol1/fastq/ERR126/014/ERR12670314/ERR12670314_1.fastq.gz	ftp.sra.ebi.ac.uk/vol1/fastq/ERR126/014/ERR12670314/ERR12670314_2.fastq.gz
ERR12670316	ftp.sra.ebi.ac.uk/vol1/fastq/ERR126/016/ERR12670316/ERR12670316_1.fastq.gz	ftp.sra.ebi.ac.uk/vol1/fastq/ERR126/016/ERR12670316/ERR12670316_2.fastq.gz
ERR12670317	ftp.sra.ebi.ac.uk/vol1/fastq/ERR126/017/ERR12670317/ERR12670317_1.fastq.gz	ftp.sra.ebi.ac.uk/vol1/fastq/ERR126/017/ERR12670317/ERR12670317_2.fastq.gz
ERR12670321	ftp.sra.ebi.ac.uk/vol1/fastq/ERR126/021/ERR12670321/ERR12670321_1.fastq.gz	ftp.sra.ebi.ac.uk/vol1/fastq/ERR126/021/ERR12670321/ERR12670321_2.fastq.gz
ERR12670327	ftp.sra.ebi.ac.uk/vol1/fastq/ERR126/027/ERR12670327/ERR12670327_1.fastq.gz	ftp.sra.ebi.ac.uk/vol1/fastq/ERR126/027/ERR12670327/ERR12670327_2.fastq.gz
ERR12670328	ftp.sra.ebi.ac.uk/vol1/fastq/ERR126/028/ERR12670328/ERR12670328_1.fastq.gz	ftp.sra.ebi.ac.uk/vol1/fastq/ERR126/028/ERR12670328/ERR12670328_2.fastq.gz
ERR12670330	ftp.sra.ebi.ac.uk/vol1/fastq/ERR126/030/ERR12670330/ERR12670330_1.fastq.gz	ftp.sra.ebi.ac.uk/vol1/fastq/ERR126/030/ERR12670330/ERR12670330_2.fastq.gz
ERR12670331	ftp.sra.ebi.ac.uk/vol1/fastq/ERR126/031/ERR12670331/ERR12670331_1.fastq.gz	ftp.sra.ebi.ac.uk/vol1/fastq/ERR126/031/ERR12670331/ERR12670331_2.fastq.gz
ERR12670332	ftp.sra.ebi.ac.uk/vol1/fastq/ERR126/032/ERR12670332/ERR12670332_1.fastq.gz	ftp.sra.ebi.ac.uk/vol1/fastq/ERR126/032/ERR12670332/ERR12670332_2.fastq.gz
ERR12670334	ftp.sra.ebi.ac.uk/vol1/fastq/ERR126/034/ERR12670334/ERR12670334_1.fastq.gz	ftp.sra.ebi.ac.uk/vol1/fastq/ERR126/034/ERR12670334/ERR12670334_2.fastq.gz
ERR12670341	ftp.sra.ebi.ac.uk/vol1/fastq/ERR126/041/ERR12670341/ERR12670341_1.fastq.gz	ftp.sra.ebi.ac.uk/vol1/fastq/ERR126/041/ERR12670341/ERR12670341_2.fastq.gz
ERR12670346	ftp.sra.ebi.ac.uk/vol1/fastq/ERR126/046/ERR12670346/ERR12670346_1.fastq.gz	ftp.sra.ebi.ac.uk/vol1/fastq/ERR126/046/ERR12670346/ERR12670346_2.fastq.gz
ERR12670351	ftp.sra.ebi.ac.uk/vol1/fastq/ERR126/051/ERR12670351/ERR12670351_1.fastq.gz	ftp.sra.ebi.ac.uk/vol1/fastq/ERR126/051/ERR12670351/ERR12670351_2.fastq.gz
ERR12670352	ftp.sra.ebi.ac.uk/vol1/fastq/ERR126/052/ERR12670352/ERR12670352_1.fastq.gz	ftp.sra.ebi.ac.uk/vol1/fastq/ERR126/052/ERR12670352/ERR12670352_2.fastq.gz
ERR12670361	ftp.sra.ebi.ac.uk/vol1/fastq/ERR126/061/ERR12670361/ERR12670361_1.fastq.gz	ftp.sra.ebi.ac.uk/vol1/fastq/ERR126/061/ERR12670361/ERR12670361_2.fastq.gz
ERR12670362	ftp.sra.ebi.ac.uk/vol1/fastq/ERR126/062/ERR12670362/ERR12670362_1.fastq.gz	ftp.sra.ebi.ac.uk/vol1/fastq/ERR126/062/ERR12670362/ERR12670362_2.fastq.gz
ERR12670364	ftp.sra.ebi.ac.uk/vol1/fastq/ERR126/064/ERR12670364/ERR12670364_1.fastq.gz	ftp.sra.ebi.ac.uk/vol1/fastq/ERR126/064/ERR12670364/ERR12670364_2.fastq.gz
ERR12670369	ftp.sra.ebi.ac.uk/vol1/fastq/ERR126/069/ERR12670369/ERR12670369_1.fastq.gz	ftp.sra.ebi.ac.uk/vol1/fastq/ERR126/069/ERR12670369/ERR12670369_2.fastq.gz
ERR12670370	ftp.sra.ebi.ac.uk/vol1/fastq/ERR126/070/ERR12670370/ERR12670370_1.fastq.gz	ftp.sra.ebi.ac.uk/vol1/fastq/ERR126/070/ERR12670370/ERR12670370_2.fastq.gz
ERR12670371	ftp.sra.ebi.ac.uk/vol1/fastq/ERR126/071/ERR12670371/ERR12670371_1.fastq.gz	ftp.sra.ebi.ac.uk/vol1/fastq/ERR126/071/ERR12670371/ERR12670371_2.fastq.gz
ERR12670372	ftp.sra.ebi.ac.uk/vol1/fastq/ERR126/072/ERR12670372/ERR12670372_1.fastq.gz	ftp.sra.ebi.ac.uk/vol1/fastq/ERR126/072/ERR12670372/ERR12670372_2.fastq.gz
ERR12670374	ftp.sra.ebi.ac.uk/vol1/fastq/ERR126/074/ERR12670374/ERR12670374_1.fastq.gz	ftp.sra.ebi.ac.uk/vol1/fastq/ERR126/074/ERR12670374/ERR12670374_2.fastq.gz
ERR12670375	ftp.sra.ebi.ac.uk/vol1/fastq/ERR126/075/ERR12670375/ERR12670375_1.fastq.gz	ftp.sra.ebi.ac.uk/vol1/fastq/ERR126/075/ERR12670375/ERR12670375_2.fastq.gz
ERR12670378	ftp.sra.ebi.ac.uk/vol1/fastq/ERR126/078/ERR12670378/ERR12670378_1.fastq.gz	ftp.sra.ebi.ac.uk/vol1/fastq/ERR126/078/ERR12670378/ERR12670378_2.fastq.gz
ERR12670385	ftp.sra.ebi.ac.uk/vol1/fastq/ERR126/085/ERR12670385/ERR12670385_1.fastq.gz	ftp.sra.ebi.ac.uk/vol1/fastq/ERR126/085/ERR12670385/ERR12670385_2.fastq.gz
ERR12670386	ftp.sra.ebi.ac.uk/vol1/fastq/ERR126/086/ERR12670386/ERR12670386_1.fastq.gz	ftp.sra.ebi.ac.uk/vol1/fastq/ERR126/086/ERR12670386/ERR12670386_2.fastq.gz
ERR12670389	ftp.sra.ebi.ac.uk/vol1/fastq/ERR126/089/ERR12670389/ERR12670389_1.fastq.gz	ftp.sra.ebi.ac.uk/vol1/fastq/ERR126/089/ERR12670389/ERR12670389_2.fastq.gz
ERR12670390	ftp.sra.ebi.ac.uk/vol1/fastq/ERR126/090/ERR12670390/ERR12670390_1.fastq.gz	ftp.sra.ebi.ac.uk/vol1/fastq/ERR126/090/ERR12670390/ERR12670390_2.fastq.gz
ERR12670398	ftp.sra.ebi.ac.uk/vol1/fastq/ERR126/098/ERR12670398/ERR12670398_1.fastq.gz	ftp.sra.ebi.ac.uk/vol1/fastq/ERR126/098/ERR12670398/ERR12670398_2.fastq.gz
ERR12670400	ftp.sra.ebi.ac.uk/vol1/fastq/ERR126/000/ERR12670400/ERR12670400_1.fastq.gz	ftp.sra.ebi.ac.uk/vol1/fastq/ERR126/000/ERR12670400/ERR12670400_2.fastq.gz
ERR12670401	ftp.sra.ebi.ac.uk/vol1/fastq/ERR126/001/ERR12670401/ERR12670401_1.fastq.gz	ftp.sra.ebi.ac.uk/vol1/fastq/ERR126/001/ERR12670401/ERR12670401_2.fastq.gz
ERR12670403	ftp.sra.ebi.ac.uk/vol1/fastq/ERR126/003/ERR12670403/ERR12670403_1.fastq.gz	ftp.sra.ebi.ac.uk/vol1/fastq/ERR126/003/ERR12670403/ERR12670403_2.fastq.gz
ERR12670405	ftp.sra.ebi.ac.uk/vol1/fastq/ERR126/005/ERR12670405/ERR12670405_1.fastq.gz	ftp.sra.ebi.ac.uk/vol1/fastq/ERR126/005/ERR12670405/ERR12670405_2.fastq.gz
ERR12670406	ftp.sra.ebi.ac.uk/vol1/fastq/ERR126/006/ERR12670406/ERR12670406_1.fastq.gz	ftp.sra.ebi.ac.uk/vol1/fastq/ERR126/006/ERR12670406/ERR12670406_2.fastq.gz
ERR12670409	ftp.sra.ebi.ac.uk/vol1/fastq/ERR126/009/ERR12670409/ERR12670409_1.fastq.gz	ftp.sra.ebi.ac.uk/vol1/fastq/ERR126/009/ERR12670409/ERR12670409_2.fastq.gz
ERR12670411	ftp.sra.ebi.ac.uk/vol1/fastq/ERR126/011/ERR12670411/ERR12670411_1.fastq.gz	ftp.sra.ebi.ac.uk/vol1/fastq/ERR126/011/ERR12670411/ERR12670411_2.fastq.gz
ERR12670412	ftp.sra.ebi.ac.uk/vol1/fastq/ERR126/012/ERR12670412/ERR12670412_1.fastq.gz	ftp.sra.ebi.ac.uk/vol1/fastq/ERR126/012/ERR12670412/ERR12670412_2.fastq.gz
ERR12670417	ftp.sra.ebi.ac.uk/vol1/fastq/ERR126/017/ERR12670417/ERR12670417_1.fastq.gz	ftp.sra.ebi.ac.uk/vol1/fastq/ERR126/017/ERR12670417/ERR12670417_2.fastq.gz
ERR12670418	ftp.sra.ebi.ac.uk/vol1/fastq/ERR126/018/ERR12670418/ERR12670418_1.fastq.gz	ftp.sra.ebi.ac.uk/vol1/fastq/ERR126/018/ERR12670418/ERR12670418_2.fastq.gz
ERR12670420	ftp.sra.ebi.ac.uk/vol1/fastq/ERR126/020/ERR12670420/ERR12670420_1.fastq.gz	ftp.sra.ebi.ac.uk/vol1/fastq/ERR126/020/ERR12670420/ERR12670420_2.fastq.gz
ERR12670422	ftp.sra.ebi.ac.uk/vol1/fastq/ERR126/022/ERR12670422/ERR12670422_1.fastq.gz	ftp.sra.ebi.ac.uk/vol1/fastq/ERR126/022/ERR12670422/ERR12670422_2.fastq.gz
ERR12670424	ftp.sra.ebi.ac.uk/vol1/fastq/ERR126/024/ERR12670424/ERR12670424_1.fastq.gz	ftp.sra.ebi.ac.uk/vol1/fastq/ERR126/024/ERR12670424/ERR12670424_2.fastq.gz
ERR12670425	ftp.sra.ebi.ac.uk/vol1/fastq/ERR126/025/ERR12670425/ERR12670425_1.fastq.gz	ftp.sra.ebi.ac.uk/vol1/fastq/ERR126/025/ERR12670425/ERR12670425_2.fastq.gz
ERR12670433	ftp.sra.ebi.ac.uk/vol1/fastq/ERR126/033/ERR12670433/ERR12670433_1.fastq.gz	ftp.sra.ebi.ac.uk/vol1/fastq/ERR126/033/ERR12670433/ERR12670433_2.fastq.gz
ERR12670435	ftp.sra.ebi.ac.uk/vol1/fastq/ERR126/035/ERR12670435/ERR12670435_1.fastq.gz	ftp.sra.ebi.ac.uk/vol1/fastq/ERR126/035/ERR12670435/ERR12670435_2.fastq.gz
ERR12670436	ftp.sra.ebi.ac.uk/vol1/fastq/ERR126/036/ERR12670436/ERR12670436_1.fastq.gz	ftp.sra.ebi.ac.uk/vol1/fastq/ERR126/036/ERR12670436/ERR12670436_2.fastq.gz
ERR12670439	ftp.sra.ebi.ac.uk/vol1/fastq/ERR126/039/ERR12670439/ERR12670439_1.fastq.gz	ftp.sra.ebi.ac.uk/vol1/fastq/ERR126/039/ERR12670439/ERR12670439_2.fastq.gz
ERR12670440	ftp.sra.ebi.ac.uk/vol1/fastq/ERR126/040/ERR12670440/ERR12670440_1.fastq.gz	ftp.sra.ebi.ac.uk/vol1/fastq/ERR126/040/ERR12670440/ERR12670440_2.fastq.gz
ERR12670441	ftp.sra.ebi.ac.uk/vol1/fastq/ERR126/041/ERR12670441/ERR12670441_1.fastq.gz	ftp.sra.ebi.ac.uk/vol1/fastq/ERR126/041/ERR12670441/ERR12670441_2.fastq.gz
ERR12670442	ftp.sra.ebi.ac.uk/vol1/fastq/ERR126/042/ERR12670442/ERR12670442_1.fastq.gz	ftp.sra.ebi.ac.uk/vol1/fastq/ERR126/042/ERR12670442/ERR12670442_2.fastq.gz
ERR12670449	ftp.sra.ebi.ac.uk/vol1/fastq/ERR126/049/ERR12670449/ERR12670449_1.fastq.gz	ftp.sra.ebi.ac.uk/vol1/fastq/ERR126/049/ERR12670449/ERR12670449_2.fastq.gz
ERR12670451	ftp.sra.ebi.ac.uk/vol1/fastq/ERR126/051/ERR12670451/ERR12670451_1.fastq.gz	ftp.sra.ebi.ac.uk/vol1/fastq/ERR126/051/ERR12670451/ERR12670451_2.fastq.gz
ERR12670452	ftp.sra.ebi.ac.uk/vol1/fastq/ERR126/052/ERR12670452/ERR12670452_1.fastq.gz	ftp.sra.ebi.ac.uk/vol1/fastq/ERR126/052/ERR12670452/ERR12670452_2.fastq.gz
ERR12670457	ftp.sra.ebi.ac.uk/vol1/fastq/ERR126/057/ERR12670457/ERR12670457_1.fastq.gz	ftp.sra.ebi.ac.uk/vol1/fastq/ERR126/057/ERR12670457/ERR12670457_2.fastq.gz
ERR12670459	ftp.sra.ebi.ac.uk/vol1/fastq/ERR126/059/ERR12670459/ERR12670459_1.fastq.gz	ftp.sra.ebi.ac.uk/vol1/fastq/ERR126/059/ERR12670459/ERR12670459_2.fastq.gz
ERR12670463	ftp.sra.ebi.ac.uk/vol1/fastq/ERR126/063/ERR12670463/ERR12670463_1.fastq.gz	ftp.sra.ebi.ac.uk/vol1/fastq/ERR126/063/ERR12670463/ERR12670463_2.fastq.gz
ERR12670465	ftp.sra.ebi.ac.uk/vol1/fastq/ERR126/065/ERR12670465/ERR12670465_1.fastq.gz	ftp.sra.ebi.ac.uk/vol1/fastq/ERR126/065/ERR12670465/ERR12670465_2.fastq.gz
ERR12670468	ftp.sra.ebi.ac.uk/vol1/fastq/ERR126/068/ERR12670468/ERR12670468_1.fastq.gz	ftp.sra.ebi.ac.uk/vol1/fastq/ERR126/068/ERR12670468/ERR12670468_2.fastq.gz
ERR12670470	ftp.sra.ebi.ac.uk/vol1/fastq/ERR126/070/ERR12670470/ERR12670470_1.fastq.gz	ftp.sra.ebi.ac.uk/vol1/fastq/ERR126/070/ERR12670470/ERR12670470_2.fastq.gz
ERR12670471	ftp.sra.ebi.ac.uk/vol1/fastq/ERR126/071/ERR12670471/ERR12670471_1.fastq.gz	ftp.sra.ebi.ac.uk/vol1/fastq/ERR126/071/ERR12670471/ERR12670471_2.fastq.gz
ERR12670474	ftp.sra.ebi.ac.uk/vol1/fastq/ERR126/074/ERR12670474/ERR12670474_1.fastq.gz	ftp.sra.ebi.ac.uk/vol1/fastq/ERR126/074/ERR12670474/ERR12670474_2.fastq.gz
ERR12670475	ftp.sra.ebi.ac.uk/vol1/fastq/ERR126/075/ERR12670475/ERR12670475_1.fastq.gz	ftp.sra.ebi.ac.uk/vol1/fastq/ERR126/075/ERR12670475/ERR12670475_2.fastq.gz
ERR12670476	ftp.sra.ebi.ac.uk/vol1/fastq/ERR126/076/ERR12670476/ERR12670476_1.fastq.gz	ftp.sra.ebi.ac.uk/vol1/fastq/ERR126/076/ERR12670476/ERR12670476_2.fastq.gz
ERR12670477	ftp.sra.ebi.ac.uk/vol1/fastq/ERR126/077/ERR12670477/ERR12670477_1.fastq.gz	ftp.sra.ebi.ac.uk/vol1/fastq/ERR126/077/ERR12670477/ERR12670477_2.fastq.gz
ERR12670490	ftp.sra.ebi.ac.uk/vol1/fastq/ERR126/090/ERR12670490/ERR12670490_1.fastq.gz	ftp.sra.ebi.ac.uk/vol1/fastq/ERR126/090/ERR12670490/ERR12670490_2.fastq.gz
ERR12670507	ftp.sra.ebi.ac.uk/vol1/fastq/ERR126/007/ERR12670507/ERR12670507_1.fastq.gz	ftp.sra.ebi.ac.uk/vol1/fastq/ERR126/007/ERR12670507/ERR12670507_2.fastq.gz
ERR12670514	ftp.sra.ebi.ac.uk/vol1/fastq/ERR126/014/ERR12670514/ERR12670514_1.fastq.gz	ftp.sra.ebi.ac.uk/vol1/fastq/ERR126/014/ERR12670514/ERR12670514_2.fastq.gz
ERR12670481	ftp.sra.ebi.ac.uk/vol1/fastq/ERR126/081/ERR12670481/ERR12670481_1.fastq.gz	ftp.sra.ebi.ac.uk/vol1/fastq/ERR126/081/ERR12670481/ERR12670481_2.fastq.gz
ERR12670483	ftp.sra.ebi.ac.uk/vol1/fastq/ERR126/083/ERR12670483/ERR12670483_1.fastq.gz	ftp.sra.ebi.ac.uk/vol1/fastq/ERR126/083/ERR12670483/ERR12670483_2.fastq.gz
ERR12670486	ftp.sra.ebi.ac.uk/vol1/fastq/ERR126/086/ERR12670486/ERR12670486_1.fastq.gz	ftp.sra.ebi.ac.uk/vol1/fastq/ERR126/086/ERR12670486/ERR12670486_2.fastq.gz
ERR12670488	ftp.sra.ebi.ac.uk/vol1/fastq/ERR126/088/ERR12670488/ERR12670488_1.fastq.gz	ftp.sra.ebi.ac.uk/vol1/fastq/ERR126/088/ERR12670488/ERR12670488_2.fastq.gz
ERR12670489	ftp.sra.ebi.ac.uk/vol1/fastq/ERR126/089/ERR12670489/ERR12670489_1.fastq.gz	ftp.sra.ebi.ac.uk/vol1/fastq/ERR126/089/ERR12670489/ERR12670489_2.fastq.gz
ERR12670493	ftp.sra.ebi.ac.uk/vol1/fastq/ERR126/093/ERR12670493/ERR12670493_1.fastq.gz	ftp.sra.ebi.ac.uk/vol1/fastq/ERR126/093/ERR12670493/ERR12670493_2.fastq.gz
ERR12670496	ftp.sra.ebi.ac.uk/vol1/fastq/ERR126/096/ERR12670496/ERR12670496_1.fastq.gz	ftp.sra.ebi.ac.uk/vol1/fastq/ERR126/096/ERR12670496/ERR12670496_2.fastq.gz
ERR12670503	ftp.sra.ebi.ac.uk/vol1/fastq/ERR126/003/ERR12670503/ERR12670503_1.fastq.gz	ftp.sra.ebi.ac.uk/vol1/fastq/ERR126/003/ERR12670503/ERR12670503_2.fastq.gz
ERR12670504	ftp.sra.ebi.ac.uk/vol1/fastq/ERR126/004/ERR12670504/ERR12670504_1.fastq.gz	ftp.sra.ebi.ac.uk/vol1/fastq/ERR126/004/ERR12670504/ERR12670504_2.fastq.gz
ERR12670505	ftp.sra.ebi.ac.uk/vol1/fastq/ERR126/005/ERR12670505/ERR12670505_1.fastq.gz	ftp.sra.ebi.ac.uk/vol1/fastq/ERR126/005/ERR12670505/ERR12670505_2.fastq.gz
ERR12670512	ftp.sra.ebi.ac.uk/vol1/fastq/ERR126/012/ERR12670512/ERR12670512_1.fastq.gz	ftp.sra.ebi.ac.uk/vol1/fastq/ERR126/012/ERR12670512/ERR12670512_2.fastq.gz
ERR12670513	ftp.sra.ebi.ac.uk/vol1/fastq/ERR126/013/ERR12670513/ERR12670513_1.fastq.gz	ftp.sra.ebi.ac.uk/vol1/fastq/ERR126/013/ERR12670513/ERR12670513_2.fastq.gz
ERR12670515	ftp.sra.ebi.ac.uk/vol1/fastq/ERR126/015/ERR12670515/ERR12670515_1.fastq.gz	ftp.sra.ebi.ac.uk/vol1/fastq/ERR126/015/ERR12670515/ERR12670515_2.fastq.gz
ERR12670518	ftp.sra.ebi.ac.uk/vol1/fastq/ERR126/018/ERR12670518/ERR12670518_1.fastq.gz	ftp.sra.ebi.ac.uk/vol1/fastq/ERR126/018/ERR12670518/ERR12670518_2.fastq.gz
ERR12670109	ftp.sra.ebi.ac.uk/vol1/fastq/ERR126/009/ERR12670109/ERR12670109_1.fastq.gz	ftp.sra.ebi.ac.uk/vol1/fastq/ERR126/009/ERR12670109/ERR12670109_2.fastq.gz
ERR12670113	ftp.sra.ebi.ac.uk/vol1/fastq/ERR126/013/ERR12670113/ERR12670113_1.fastq.gz	ftp.sra.ebi.ac.uk/vol1/fastq/ERR126/013/ERR12670113/ERR12670113_2.fastq.gz
ERR12670115	ftp.sra.ebi.ac.uk/vol1/fastq/ERR126/015/ERR12670115/ERR12670115_1.fastq.gz	ftp.sra.ebi.ac.uk/vol1/fastq/ERR126/015/ERR12670115/ERR12670115_2.fastq.gz
ERR12670117	ftp.sra.ebi.ac.uk/vol1/fastq/ERR126/017/ERR12670117/ERR12670117_1.fastq.gz	ftp.sra.ebi.ac.uk/vol1/fastq/ERR126/017/ERR12670117/ERR12670117_2.fastq.gz
ERR12670126	ftp.sra.ebi.ac.uk/vol1/fastq/ERR126/026/ERR12670126/ERR12670126_1.fastq.gz	ftp.sra.ebi.ac.uk/vol1/fastq/ERR126/026/ERR12670126/ERR12670126_2.fastq.gz
ERR12670128	ftp.sra.ebi.ac.uk/vol1/fastq/ERR126/028/ERR12670128/ERR12670128_1.fastq.gz	ftp.sra.ebi.ac.uk/vol1/fastq/ERR126/028/ERR12670128/ERR12670128_2.fastq.gz
ERR12670129	ftp.sra.ebi.ac.uk/vol1/fastq/ERR126/029/ERR12670129/ERR12670129_1.fastq.gz	ftp.sra.ebi.ac.uk/vol1/fastq/ERR126/029/ERR12670129/ERR12670129_2.fastq.gz
ERR12670131	ftp.sra.ebi.ac.uk/vol1/fastq/ERR126/031/ERR12670131/ERR12670131_1.fastq.gz	ftp.sra.ebi.ac.uk/vol1/fastq/ERR126/031/ERR12670131/ERR12670131_2.fastq.gz
ERR12670132	ftp.sra.ebi.ac.uk/vol1/fastq/ERR126/032/ERR12670132/ERR12670132_1.fastq.gz	ftp.sra.ebi.ac.uk/vol1/fastq/ERR126/032/ERR12670132/ERR12670132_2.fastq.gz
ERR12670133	ftp.sra.ebi.ac.uk/vol1/fastq/ERR126/033/ERR12670133/ERR12670133_1.fastq.gz	ftp.sra.ebi.ac.uk/vol1/fastq/ERR126/033/ERR12670133/ERR12670133_2.fastq.gz
ERR12670137	ftp.sra.ebi.ac.uk/vol1/fastq/ERR126/037/ERR12670137/ERR12670137_1.fastq.gz	ftp.sra.ebi.ac.uk/vol1/fastq/ERR126/037/ERR12670137/ERR12670137_2.fastq.gz
ERR12670138	ftp.sra.ebi.ac.uk/vol1/fastq/ERR126/038/ERR12670138/ERR12670138_1.fastq.gz	ftp.sra.ebi.ac.uk/vol1/fastq/ERR126/038/ERR12670138/ERR12670138_2.fastq.gz
ERR12670139	ftp.sra.ebi.ac.uk/vol1/fastq/ERR126/039/ERR12670139/ERR12670139_1.fastq.gz	ftp.sra.ebi.ac.uk/vol1/fastq/ERR126/039/ERR12670139/ERR12670139_2.fastq.gz
ERR12670140	ftp.sra.ebi.ac.uk/vol1/fastq/ERR126/040/ERR12670140/ERR12670140_1.fastq.gz	ftp.sra.ebi.ac.uk/vol1/fastq/ERR126/040/ERR12670140/ERR12670140_2.fastq.gz
ERR12670146	ftp.sra.ebi.ac.uk/vol1/fastq/ERR126/046/ERR12670146/ERR12670146_1.fastq.gz	ftp.sra.ebi.ac.uk/vol1/fastq/ERR126/046/ERR12670146/ERR12670146_2.fastq.gz
ERR12670148	ftp.sra.ebi.ac.uk/vol1/fastq/ERR126/048/ERR12670148/ERR12670148_1.fastq.gz	ftp.sra.ebi.ac.uk/vol1/fastq/ERR126/048/ERR12670148/ERR12670148_2.fastq.gz
ERR12670152	ftp.sra.ebi.ac.uk/vol1/fastq/ERR126/052/ERR12670152/ERR12670152_1.fastq.gz	ftp.sra.ebi.ac.uk/vol1/fastq/ERR126/052/ERR12670152/ERR12670152_2.fastq.gz
ERR12670153	ftp.sra.ebi.ac.uk/vol1/fastq/ERR126/053/ERR12670153/ERR12670153_1.fastq.gz	ftp.sra.ebi.ac.uk/vol1/fastq/ERR126/053/ERR12670153/ERR12670153_2.fastq.gz
ERR12670154	ftp.sra.ebi.ac.uk/vol1/fastq/ERR126/054/ERR12670154/ERR12670154_1.fastq.gz	ftp.sra.ebi.ac.uk/vol1/fastq/ERR126/054/ERR12670154/ERR12670154_2.fastq.gz
ERR12670157	ftp.sra.ebi.ac.uk/vol1/fastq/ERR126/057/ERR12670157/ERR12670157_1.fastq.gz	ftp.sra.ebi.ac.uk/vol1/fastq/ERR126/057/ERR12670157/ERR12670157_2.fastq.gz
ERR12670163	ftp.sra.ebi.ac.uk/vol1/fastq/ERR126/063/ERR12670163/ERR12670163_1.fastq.gz	ftp.sra.ebi.ac.uk/vol1/fastq/ERR126/063/ERR12670163/ERR12670163_2.fastq.gz
ERR12670168	ftp.sra.ebi.ac.uk/vol1/fastq/ERR126/068/ERR12670168/ERR12670168_1.fastq.gz	ftp.sra.ebi.ac.uk/vol1/fastq/ERR126/068/ERR12670168/ERR12670168_2.fastq.gz
ERR12670171	ftp.sra.ebi.ac.uk/vol1/fastq/ERR126/071/ERR12670171/ERR12670171_1.fastq.gz	ftp.sra.ebi.ac.uk/vol1/fastq/ERR126/071/ERR12670171/ERR12670171_2.fastq.gz
ERR12670172	ftp.sra.ebi.ac.uk/vol1/fastq/ERR126/072/ERR12670172/ERR12670172_1.fastq.gz	ftp.sra.ebi.ac.uk/vol1/fastq/ERR126/072/ERR12670172/ERR12670172_2.fastq.gz
ERR12670173	ftp.sra.ebi.ac.uk/vol1/fastq/ERR126/073/ERR12670173/ERR12670173_1.fastq.gz	ftp.sra.ebi.ac.uk/vol1/fastq/ERR126/073/ERR12670173/ERR12670173_2.fastq.gz
ERR12670174	ftp.sra.ebi.ac.uk/vol1/fastq/ERR126/074/ERR12670174/ERR12670174_1.fastq.gz	ftp.sra.ebi.ac.uk/vol1/fastq/ERR126/074/ERR12670174/ERR12670174_2.fastq.gz
ERR12670175	ftp.sra.ebi.ac.uk/vol1/fastq/ERR126/075/ERR12670175/ERR12670175_1.fastq.gz	ftp.sra.ebi.ac.uk/vol1/fastq/ERR126/075/ERR12670175/ERR12670175_2.fastq.gz
ERR12670181	ftp.sra.ebi.ac.uk/vol1/fastq/ERR126/081/ERR12670181/ERR12670181_1.fastq.gz	ftp.sra.ebi.ac.uk/vol1/fastq/ERR126/081/ERR12670181/ERR12670181_2.fastq.gz
ERR12670182	ftp.sra.ebi.ac.uk/vol1/fastq/ERR126/082/ERR12670182/ERR12670182_1.fastq.gz	ftp.sra.ebi.ac.uk/vol1/fastq/ERR126/082/ERR12670182/ERR12670182_2.fastq.gz
ERR12670186	ftp.sra.ebi.ac.uk/vol1/fastq/ERR126/086/ERR12670186/ERR12670186_1.fastq.gz	ftp.sra.ebi.ac.uk/vol1/fastq/ERR126/086/ERR12670186/ERR12670186_2.fastq.gz
ERR12670187	ftp.sra.ebi.ac.uk/vol1/fastq/ERR126/087/ERR12670187/ERR12670187_1.fastq.gz	ftp.sra.ebi.ac.uk/vol1/fastq/ERR126/087/ERR12670187/ERR12670187_2.fastq.gz
ERR12670188	ftp.sra.ebi.ac.uk/vol1/fastq/ERR126/088/ERR12670188/ERR12670188_1.fastq.gz	ftp.sra.ebi.ac.uk/vol1/fastq/ERR126/088/ERR12670188/ERR12670188_2.fastq.gz
ERR12670190	ftp.sra.ebi.ac.uk/vol1/fastq/ERR126/090/ERR12670190/ERR12670190_1.fastq.gz	ftp.sra.ebi.ac.uk/vol1/fastq/ERR126/090/ERR12670190/ERR12670190_2.fastq.gz
ERR12670193	ftp.sra.ebi.ac.uk/vol1/fastq/ERR126/093/ERR12670193/ERR12670193_1.fastq.gz	ftp.sra.ebi.ac.uk/vol1/fastq/ERR126/093/ERR12670193/ERR12670193_2.fastq.gz
ERR12670197	ftp.sra.ebi.ac.uk/vol1/fastq/ERR126/097/ERR12670197/ERR12670197_1.fastq.gz	ftp.sra.ebi.ac.uk/vol1/fastq/ERR126/097/ERR12670197/ERR12670197_2.fastq.gz
ERR12670198	ftp.sra.ebi.ac.uk/vol1/fastq/ERR126/098/ERR12670198/ERR12670198_1.fastq.gz	ftp.sra.ebi.ac.uk/vol1/fastq/ERR126/098/ERR12670198/ERR12670198_2.fastq.gz
ERR12670203	ftp.sra.ebi.ac.uk/vol1/fastq/ERR126/003/ERR12670203/ERR12670203_1.fastq.gz	ftp.sra.ebi.ac.uk/vol1/fastq/ERR126/003/ERR12670203/ERR12670203_2.fastq.gz
ERR12670206	ftp.sra.ebi.ac.uk/vol1/fastq/ERR126/006/ERR12670206/ERR12670206_1.fastq.gz	ftp.sra.ebi.ac.uk/vol1/fastq/ERR126/006/ERR12670206/ERR12670206_2.fastq.gz
ERR12670207	ftp.sra.ebi.ac.uk/vol1/fastq/ERR126/007/ERR12670207/ERR12670207_1.fastq.gz	ftp.sra.ebi.ac.uk/vol1/fastq/ERR126/007/ERR12670207/ERR12670207_2.fastq.gz
ERR12670209	ftp.sra.ebi.ac.uk/vol1/fastq/ERR126/009/ERR12670209/ERR12670209_1.fastq.gz	ftp.sra.ebi.ac.uk/vol1/fastq/ERR126/009/ERR12670209/ERR12670209_2.fastq.gz
ERR12670210	ftp.sra.ebi.ac.uk/vol1/fastq/ERR126/010/ERR12670210/ERR12670210_1.fastq.gz	ftp.sra.ebi.ac.uk/vol1/fastq/ERR126/010/ERR12670210/ERR12670210_2.fastq.gz
ERR12670219	ftp.sra.ebi.ac.uk/vol1/fastq/ERR126/019/ERR12670219/ERR12670219_1.fastq.gz	ftp.sra.ebi.ac.uk/vol1/fastq/ERR126/019/ERR12670219/ERR12670219_2.fastq.gz
ERR12670220	ftp.sra.ebi.ac.uk/vol1/fastq/ERR126/020/ERR12670220/ERR12670220_1.fastq.gz	ftp.sra.ebi.ac.uk/vol1/fastq/ERR126/020/ERR12670220/ERR12670220_2.fastq.gz
ERR12670222	ftp.sra.ebi.ac.uk/vol1/fastq/ERR126/022/ERR12670222/ERR12670222_1.fastq.gz	ftp.sra.ebi.ac.uk/vol1/fastq/ERR126/022/ERR12670222/ERR12670222_2.fastq.gz
ERR12670223	ftp.sra.ebi.ac.uk/vol1/fastq/ERR126/023/ERR12670223/ERR12670223_1.fastq.gz	ftp.sra.ebi.ac.uk/vol1/fastq/ERR126/023/ERR12670223/ERR12670223_2.fastq.gz
ERR12670224	ftp.sra.ebi.ac.uk/vol1/fastq/ERR126/024/ERR12670224/ERR12670224_1.fastq.gz	ftp.sra.ebi.ac.uk/vol1/fastq/ERR126/024/ERR12670224/ERR12670224_2.fastq.gz
ERR12670227	ftp.sra.ebi.ac.uk/vol1/fastq/ERR126/027/ERR12670227/ERR12670227_1.fastq.gz	ftp.sra.ebi.ac.uk/vol1/fastq/ERR126/027/ERR12670227/ERR12670227_2.fastq.gz
ERR12670230	ftp.sra.ebi.ac.uk/vol1/fastq/ERR126/030/ERR12670230/ERR12670230_1.fastq.gz	ftp.sra.ebi.ac.uk/vol1/fastq/ERR126/030/ERR12670230/ERR12670230_2.fastq.gz
ERR12670231	ftp.sra.ebi.ac.uk/vol1/fastq/ERR126/031/ERR12670231/ERR12670231_1.fastq.gz	ftp.sra.ebi.ac.uk/vol1/fastq/ERR126/031/ERR12670231/ERR12670231_2.fastq.gz
ERR12670232	ftp.sra.ebi.ac.uk/vol1/fastq/ERR126/032/ERR12670232/ERR12670232_1.fastq.gz	ftp.sra.ebi.ac.uk/vol1/fastq/ERR126/032/ERR12670232/ERR12670232_2.fastq.gz
ERR12670235	ftp.sra.ebi.ac.uk/vol1/fastq/ERR126/035/ERR12670235/ERR12670235_1.fastq.gz	ftp.sra.ebi.ac.uk/vol1/fastq/ERR126/035/ERR12670235/ERR12670235_2.fastq.gz
ERR12670237	ftp.sra.ebi.ac.uk/vol1/fastq/ERR126/037/ERR12670237/ERR12670237_1.fastq.gz	ftp.sra.ebi.ac.uk/vol1/fastq/ERR126/037/ERR12670237/ERR12670237_2.fastq.gz
ERR12670244	ftp.sra.ebi.ac.uk/vol1/fastq/ERR126/044/ERR12670244/ERR12670244_1.fastq.gz	ftp.sra.ebi.ac.uk/vol1/fastq/ERR126/044/ERR12670244/ERR12670244_2.fastq.gz
ERR12670245	ftp.sra.ebi.ac.uk/vol1/fastq/ERR126/045/ERR12670245/ERR12670245_1.fastq.gz	ftp.sra.ebi.ac.uk/vol1/fastq/ERR126/045/ERR12670245/ERR12670245_2.fastq.gz
ERR12670246	ftp.sra.ebi.ac.uk/vol1/fastq/ERR126/046/ERR12670246/ERR12670246_1.fastq.gz	ftp.sra.ebi.ac.uk/vol1/fastq/ERR126/046/ERR12670246/ERR12670246_2.fastq.gz
ERR12670247	ftp.sra.ebi.ac.uk/vol1/fastq/ERR126/047/ERR12670247/ERR12670247_1.fastq.gz	ftp.sra.ebi.ac.uk/vol1/fastq/ERR126/047/ERR12670247/ERR12670247_2.fastq.gz
ERR12670261	ftp.sra.ebi.ac.uk/vol1/fastq/ERR126/061/ERR12670261/ERR12670261_1.fastq.gz	ftp.sra.ebi.ac.uk/vol1/fastq/ERR126/061/ERR12670261/ERR12670261_2.fastq.gz
ERR12670265	ftp.sra.ebi.ac.uk/vol1/fastq/ERR126/065/ERR12670265/ERR12670265_1.fastq.gz	ftp.sra.ebi.ac.uk/vol1/fastq/ERR126/065/ERR12670265/ERR12670265_2.fastq.gz
ERR12670266	ftp.sra.ebi.ac.uk/vol1/fastq/ERR126/066/ERR12670266/ERR12670266_1.fastq.gz	ftp.sra.ebi.ac.uk/vol1/fastq/ERR126/066/ERR12670266/ERR12670266_2.fastq.gz
ERR12670267	ftp.sra.ebi.ac.uk/vol1/fastq/ERR126/067/ERR12670267/ERR12670267_1.fastq.gz	ftp.sra.ebi.ac.uk/vol1/fastq/ERR126/067/ERR12670267/ERR12670267_2.fastq.gz
ERR12670270	ftp.sra.ebi.ac.uk/vol1/fastq/ERR126/070/ERR12670270/ERR12670270_1.fastq.gz	ftp.sra.ebi.ac.uk/vol1/fastq/ERR126/070/ERR12670270/ERR12670270_2.fastq.gz
ERR12670282	ftp.sra.ebi.ac.uk/vol1/fastq/ERR126/082/ERR12670282/ERR12670282_1.fastq.gz	ftp.sra.ebi.ac.uk/vol1/fastq/ERR126/082/ERR12670282/ERR12670282_2.fastq.gz
ERR12670284	ftp.sra.ebi.ac.uk/vol1/fastq/ERR126/084/ERR12670284/ERR12670284_1.fastq.gz	ftp.sra.ebi.ac.uk/vol1/fastq/ERR126/084/ERR12670284/ERR12670284_2.fastq.gz
ERR12670288	ftp.sra.ebi.ac.uk/vol1/fastq/ERR126/088/ERR12670288/ERR12670288_1.fastq.gz	ftp.sra.ebi.ac.uk/vol1/fastq/ERR126/088/ERR12670288/ERR12670288_2.fastq.gz
ERR12670289	ftp.sra.ebi.ac.uk/vol1/fastq/ERR126/089/ERR12670289/ERR12670289_1.fastq.gz	ftp.sra.ebi.ac.uk/vol1/fastq/ERR126/089/ERR12670289/ERR12670289_2.fastq.gz
ERR12670297	ftp.sra.ebi.ac.uk/vol1/fastq/ERR126/097/ERR12670297/ERR12670297_1.fastq.gz	ftp.sra.ebi.ac.uk/vol1/fastq/ERR126/097/ERR12670297/ERR12670297_2.fastq.gz
ERR12670304	ftp.sra.ebi.ac.uk/vol1/fastq/ERR126/004/ERR12670304/ERR12670304_1.fastq.gz	ftp.sra.ebi.ac.uk/vol1/fastq/ERR126/004/ERR12670304/ERR12670304_2.fastq.gz
ERR12670308	ftp.sra.ebi.ac.uk/vol1/fastq/ERR126/008/ERR12670308/ERR12670308_1.fastq.gz	ftp.sra.ebi.ac.uk/vol1/fastq/ERR126/008/ERR12670308/ERR12670308_2.fastq.gz
ERR12670318	ftp.sra.ebi.ac.uk/vol1/fastq/ERR126/018/ERR12670318/ERR12670318_1.fastq.gz	ftp.sra.ebi.ac.uk/vol1/fastq/ERR126/018/ERR12670318/ERR12670318_2.fastq.gz
ERR12670322	ftp.sra.ebi.ac.uk/vol1/fastq/ERR126/022/ERR12670322/ERR12670322_1.fastq.gz	ftp.sra.ebi.ac.uk/vol1/fastq/ERR126/022/ERR12670322/ERR12670322_2.fastq.gz
ERR12670324	ftp.sra.ebi.ac.uk/vol1/fastq/ERR126/024/ERR12670324/ERR12670324_1.fastq.gz	ftp.sra.ebi.ac.uk/vol1/fastq/ERR126/024/ERR12670324/ERR12670324_2.fastq.gz
ERR12670325	ftp.sra.ebi.ac.uk/vol1/fastq/ERR126/025/ERR12670325/ERR12670325_1.fastq.gz	ftp.sra.ebi.ac.uk/vol1/fastq/ERR126/025/ERR12670325/ERR12670325_2.fastq.gz
ERR12670326	ftp.sra.ebi.ac.uk/vol1/fastq/ERR126/026/ERR12670326/ERR12670326_1.fastq.gz	ftp.sra.ebi.ac.uk/vol1/fastq/ERR126/026/ERR12670326/ERR12670326_2.fastq.gz
ERR12670329	ftp.sra.ebi.ac.uk/vol1/fastq/ERR126/029/ERR12670329/ERR12670329_1.fastq.gz	ftp.sra.ebi.ac.uk/vol1/fastq/ERR126/029/ERR12670329/ERR12670329_2.fastq.gz
ERR12670335	ftp.sra.ebi.ac.uk/vol1/fastq/ERR126/035/ERR12670335/ERR12670335_1.fastq.gz	ftp.sra.ebi.ac.uk/vol1/fastq/ERR126/035/ERR12670335/ERR12670335_2.fastq.gz
ERR12670337	ftp.sra.ebi.ac.uk/vol1/fastq/ERR126/037/ERR12670337/ERR12670337_1.fastq.gz	ftp.sra.ebi.ac.uk/vol1/fastq/ERR126/037/ERR12670337/ERR12670337_2.fastq.gz
ERR12670340	ftp.sra.ebi.ac.uk/vol1/fastq/ERR126/040/ERR12670340/ERR12670340_1.fastq.gz	ftp.sra.ebi.ac.uk/vol1/fastq/ERR126/040/ERR12670340/ERR12670340_2.fastq.gz
ERR12670342	ftp.sra.ebi.ac.uk/vol1/fastq/ERR126/042/ERR12670342/ERR12670342_1.fastq.gz	ftp.sra.ebi.ac.uk/vol1/fastq/ERR126/042/ERR12670342/ERR12670342_2.fastq.gz
ERR12670344	ftp.sra.ebi.ac.uk/vol1/fastq/ERR126/044/ERR12670344/ERR12670344_1.fastq.gz	ftp.sra.ebi.ac.uk/vol1/fastq/ERR126/044/ERR12670344/ERR12670344_2.fastq.gz
ERR12670353	ftp.sra.ebi.ac.uk/vol1/fastq/ERR126/053/ERR12670353/ERR12670353_1.fastq.gz	ftp.sra.ebi.ac.uk/vol1/fastq/ERR126/053/ERR12670353/ERR12670353_2.fastq.gz
ERR12670356	ftp.sra.ebi.ac.uk/vol1/fastq/ERR126/056/ERR12670356/ERR12670356_1.fastq.gz	ftp.sra.ebi.ac.uk/vol1/fastq/ERR126/056/ERR12670356/ERR12670356_2.fastq.gz
ERR12670363	ftp.sra.ebi.ac.uk/vol1/fastq/ERR126/063/ERR12670363/ERR12670363_1.fastq.gz	ftp.sra.ebi.ac.uk/vol1/fastq/ERR126/063/ERR12670363/ERR12670363_2.fastq.gz
ERR12670365	ftp.sra.ebi.ac.uk/vol1/fastq/ERR126/065/ERR12670365/ERR12670365_1.fastq.gz	ftp.sra.ebi.ac.uk/vol1/fastq/ERR126/065/ERR12670365/ERR12670365_2.fastq.gz
ERR12670366	ftp.sra.ebi.ac.uk/vol1/fastq/ERR126/066/ERR12670366/ERR12670366_1.fastq.gz	ftp.sra.ebi.ac.uk/vol1/fastq/ERR126/066/ERR12670366/ERR12670366_2.fastq.gz
ERR12670367	ftp.sra.ebi.ac.uk/vol1/fastq/ERR126/067/ERR12670367/ERR12670367_1.fastq.gz	ftp.sra.ebi.ac.uk/vol1/fastq/ERR126/067/ERR12670367/ERR12670367_2.fastq.gz
ERR12670381	ftp.sra.ebi.ac.uk/vol1/fastq/ERR126/081/ERR12670381/ERR12670381_1.fastq.gz	ftp.sra.ebi.ac.uk/vol1/fastq/ERR126/081/ERR12670381/ERR12670381_2.fastq.gz
ERR12670383	ftp.sra.ebi.ac.uk/vol1/fastq/ERR126/083/ERR12670383/ERR12670383_1.fastq.gz	ftp.sra.ebi.ac.uk/vol1/fastq/ERR126/083/ERR12670383/ERR12670383_2.fastq.gz
ERR12670384	ftp.sra.ebi.ac.uk/vol1/fastq/ERR126/084/ERR12670384/ERR12670384_1.fastq.gz	ftp.sra.ebi.ac.uk/vol1/fastq/ERR126/084/ERR12670384/ERR12670384_2.fastq.gz
ERR12670387	ftp.sra.ebi.ac.uk/vol1/fastq/ERR126/087/ERR12670387/ERR12670387_1.fastq.gz	ftp.sra.ebi.ac.uk/vol1/fastq/ERR126/087/ERR12670387/ERR12670387_2.fastq.gz
ERR12670392	ftp.sra.ebi.ac.uk/vol1/fastq/ERR126/092/ERR12670392/ERR12670392_1.fastq.gz	ftp.sra.ebi.ac.uk/vol1/fastq/ERR126/092/ERR12670392/ERR12670392_2.fastq.gz
ERR12670393	ftp.sra.ebi.ac.uk/vol1/fastq/ERR126/093/ERR12670393/ERR12670393_1.fastq.gz	ftp.sra.ebi.ac.uk/vol1/fastq/ERR126/093/ERR12670393/ERR12670393_2.fastq.gz
ERR12670394	ftp.sra.ebi.ac.uk/vol1/fastq/ERR126/094/ERR12670394/ERR12670394_1.fastq.gz	ftp.sra.ebi.ac.uk/vol1/fastq/ERR126/094/ERR12670394/ERR12670394_2.fastq.gz
ERR12670395	ftp.sra.ebi.ac.uk/vol1/fastq/ERR126/095/ERR12670395/ERR12670395_1.fastq.gz	ftp.sra.ebi.ac.uk/vol1/fastq/ERR126/095/ERR12670395/ERR12670395_2.fastq.gz
ERR12670407	ftp.sra.ebi.ac.uk/vol1/fastq/ERR126/007/ERR12670407/ERR12670407_1.fastq.gz	ftp.sra.ebi.ac.uk/vol1/fastq/ERR126/007/ERR12670407/ERR12670407_2.fastq.gz
ERR12670408	ftp.sra.ebi.ac.uk/vol1/fastq/ERR126/008/ERR12670408/ERR12670408_1.fastq.gz	ftp.sra.ebi.ac.uk/vol1/fastq/ERR126/008/ERR12670408/ERR12670408_2.fastq.gz
ERR12670410	ftp.sra.ebi.ac.uk/vol1/fastq/ERR126/010/ERR12670410/ERR12670410_1.fastq.gz	ftp.sra.ebi.ac.uk/vol1/fastq/ERR126/010/ERR12670410/ERR12670410_2.fastq.gz
ERR12670413	ftp.sra.ebi.ac.uk/vol1/fastq/ERR126/013/ERR12670413/ERR12670413_1.fastq.gz	ftp.sra.ebi.ac.uk/vol1/fastq/ERR126/013/ERR12670413/ERR12670413_2.fastq.gz
ERR12670421	ftp.sra.ebi.ac.uk/vol1/fastq/ERR126/021/ERR12670421/ERR12670421_1.fastq.gz	ftp.sra.ebi.ac.uk/vol1/fastq/ERR126/021/ERR12670421/ERR12670421_2.fastq.gz
ERR12670428	ftp.sra.ebi.ac.uk/vol1/fastq/ERR126/028/ERR12670428/ERR12670428_1.fastq.gz	ftp.sra.ebi.ac.uk/vol1/fastq/ERR126/028/ERR12670428/ERR12670428_2.fastq.gz
ERR12670432	ftp.sra.ebi.ac.uk/vol1/fastq/ERR126/032/ERR12670432/ERR12670432_1.fastq.gz	ftp.sra.ebi.ac.uk/vol1/fastq/ERR126/032/ERR12670432/ERR12670432_2.fastq.gz
ERR12670434	ftp.sra.ebi.ac.uk/vol1/fastq/ERR126/034/ERR12670434/ERR12670434_1.fastq.gz	ftp.sra.ebi.ac.uk/vol1/fastq/ERR126/034/ERR12670434/ERR12670434_2.fastq.gz
ERR12670437	ftp.sra.ebi.ac.uk/vol1/fastq/ERR126/037/ERR12670437/ERR12670437_1.fastq.gz	ftp.sra.ebi.ac.uk/vol1/fastq/ERR126/037/ERR12670437/ERR12670437_2.fastq.gz
ERR12670438	ftp.sra.ebi.ac.uk/vol1/fastq/ERR126/038/ERR12670438/ERR12670438_1.fastq.gz	ftp.sra.ebi.ac.uk/vol1/fastq/ERR126/038/ERR12670438/ERR12670438_2.fastq.gz
ERR12670443	ftp.sra.ebi.ac.uk/vol1/fastq/ERR126/043/ERR12670443/ERR12670443_1.fastq.gz	ftp.sra.ebi.ac.uk/vol1/fastq/ERR126/043/ERR12670443/ERR12670443_2.fastq.gz
ERR12670444	ftp.sra.ebi.ac.uk/vol1/fastq/ERR126/044/ERR12670444/ERR12670444_1.fastq.gz	ftp.sra.ebi.ac.uk/vol1/fastq/ERR126/044/ERR12670444/ERR12670444_2.fastq.gz
ERR12670446	ftp.sra.ebi.ac.uk/vol1/fastq/ERR126/046/ERR12670446/ERR12670446_1.fastq.gz	ftp.sra.ebi.ac.uk/vol1/fastq/ERR126/046/ERR12670446/ERR12670446_2.fastq.gz
ERR12670450	ftp.sra.ebi.ac.uk/vol1/fastq/ERR126/050/ERR12670450/ERR12670450_1.fastq.gz	ftp.sra.ebi.ac.uk/vol1/fastq/ERR126/050/ERR12670450/ERR12670450_2.fastq.gz
ERR12670453	ftp.sra.ebi.ac.uk/vol1/fastq/ERR126/053/ERR12670453/ERR12670453_1.fastq.gz	ftp.sra.ebi.ac.uk/vol1/fastq/ERR126/053/ERR12670453/ERR12670453_2.fastq.gz
ERR12670454	ftp.sra.ebi.ac.uk/vol1/fastq/ERR126/054/ERR12670454/ERR12670454_1.fastq.gz	ftp.sra.ebi.ac.uk/vol1/fastq/ERR126/054/ERR12670454/ERR12670454_2.fastq.gz
ERR12670455	ftp.sra.ebi.ac.uk/vol1/fastq/ERR126/055/ERR12670455/ERR12670455_1.fastq.gz	ftp.sra.ebi.ac.uk/vol1/fastq/ERR126/055/ERR12670455/ERR12670455_2.fastq.gz
ERR12670458	ftp.sra.ebi.ac.uk/vol1/fastq/ERR126/058/ERR12670458/ERR12670458_1.fastq.gz	ftp.sra.ebi.ac.uk/vol1/fastq/ERR126/058/ERR12670458/ERR12670458_2.fastq.gz
ERR12670460	ftp.sra.ebi.ac.uk/vol1/fastq/ERR126/060/ERR12670460/ERR12670460_1.fastq.gz	ftp.sra.ebi.ac.uk/vol1/fastq/ERR126/060/ERR12670460/ERR12670460_2.fastq.gz
ERR12670464	ftp.sra.ebi.ac.uk/vol1/fastq/ERR126/064/ERR12670464/ERR12670464_1.fastq.gz	ftp.sra.ebi.ac.uk/vol1/fastq/ERR126/064/ERR12670464/ERR12670464_2.fastq.gz
ERR12670466	ftp.sra.ebi.ac.uk/vol1/fastq/ERR126/066/ERR12670466/ERR12670466_1.fastq.gz	ftp.sra.ebi.ac.uk/vol1/fastq/ERR126/066/ERR12670466/ERR12670466_2.fastq.gz
ERR12670467	ftp.sra.ebi.ac.uk/vol1/fastq/ERR126/067/ERR12670467/ERR12670467_1.fastq.gz	ftp.sra.ebi.ac.uk/vol1/fastq/ERR126/067/ERR12670467/ERR12670467_2.fastq.gz
ERR12670472	ftp.sra.ebi.ac.uk/vol1/fastq/ERR126/072/ERR12670472/ERR12670472_1.fastq.gz	ftp.sra.ebi.ac.uk/vol1/fastq/ERR126/072/ERR12670472/ERR12670472_2.fastq.gz
ERR12670473	ftp.sra.ebi.ac.uk/vol1/fastq/ERR126/073/ERR12670473/ERR12670473_1.fastq.gz	ftp.sra.ebi.ac.uk/vol1/fastq/ERR126/073/ERR12670473/ERR12670473_2.fastq.gz
ERR12670482	ftp.sra.ebi.ac.uk/vol1/fastq/ERR126/082/ERR12670482/ERR12670482_1.fastq.gz	ftp.sra.ebi.ac.uk/vol1/fastq/ERR126/082/ERR12670482/ERR12670482_2.fastq.gz
ERR12670484	ftp.sra.ebi.ac.uk/vol1/fastq/ERR126/084/ERR12670484/ERR12670484_1.fastq.gz	ftp.sra.ebi.ac.uk/vol1/fastq/ERR126/084/ERR12670484/ERR12670484_2.fastq.gz
ERR12670487	ftp.sra.ebi.ac.uk/vol1/fastq/ERR126/087/ERR12670487/ERR12670487_1.fastq.gz	ftp.sra.ebi.ac.uk/vol1/fastq/ERR126/087/ERR12670487/ERR12670487_2.fastq.gz
ERR12670491	ftp.sra.ebi.ac.uk/vol1/fastq/ERR126/091/ERR12670491/ERR12670491_1.fastq.gz	ftp.sra.ebi.ac.uk/vol1/fastq/ERR126/091/ERR12670491/ERR12670491_2.fastq.gz
ERR12670492	ftp.sra.ebi.ac.uk/vol1/fastq/ERR126/092/ERR12670492/ERR12670492_1.fastq.gz	ftp.sra.ebi.ac.uk/vol1/fastq/ERR126/092/ERR12670492/ERR12670492_2.fastq.gz
ERR12670494	ftp.sra.ebi.ac.uk/vol1/fastq/ERR126/094/ERR12670494/ERR12670494_1.fastq.gz	ftp.sra.ebi.ac.uk/vol1/fastq/ERR126/094/ERR12670494/ERR12670494_2.fastq.gz
ERR12670497	ftp.sra.ebi.ac.uk/vol1/fastq/ERR126/097/ERR12670497/ERR12670497_1.fastq.gz	ftp.sra.ebi.ac.uk/vol1/fastq/ERR126/097/ERR12670497/ERR12670497_2.fastq.gz
ERR12670499	ftp.sra.ebi.ac.uk/vol1/fastq/ERR126/099/ERR12670499/ERR12670499_1.fastq.gz	ftp.sra.ebi.ac.uk/vol1/fastq/ERR126/099/ERR12670499/ERR12670499_2.fastq.gz
ERR12670501	ftp.sra.ebi.ac.uk/vol1/fastq/ERR126/001/ERR12670501/ERR12670501_1.fastq.gz	ftp.sra.ebi.ac.uk/vol1/fastq/ERR126/001/ERR12670501/ERR12670501_2.fastq.gz
ERR12670502	ftp.sra.ebi.ac.uk/vol1/fastq/ERR126/002/ERR12670502/ERR12670502_1.fastq.gz	ftp.sra.ebi.ac.uk/vol1/fastq/ERR126/002/ERR12670502/ERR12670502_2.fastq.gz
ERR12670506	ftp.sra.ebi.ac.uk/vol1/fastq/ERR126/006/ERR12670506/ERR12670506_1.fastq.gz	ftp.sra.ebi.ac.uk/vol1/fastq/ERR126/006/ERR12670506/ERR12670506_2.fastq.gz
ERR12670508	ftp.sra.ebi.ac.uk/vol1/fastq/ERR126/008/ERR12670508/ERR12670508_1.fastq.gz	ftp.sra.ebi.ac.uk/vol1/fastq/ERR126/008/ERR12670508/ERR12670508_2.fastq.gz
ERR12670510	ftp.sra.ebi.ac.uk/vol1/fastq/ERR126/010/ERR12670510/ERR12670510_1.fastq.gz	ftp.sra.ebi.ac.uk/vol1/fastq/ERR126/010/ERR12670510/ERR12670510_2.fastq.gz
ERR12670516	ftp.sra.ebi.ac.uk/vol1/fastq/ERR126/016/ERR12670516/ERR12670516_1.fastq.gz	ftp.sra.ebi.ac.uk/vol1/fastq/ERR126/016/ERR12670516/ERR12670516_2.fastq.gz
ERR12670517	ftp.sra.ebi.ac.uk/vol1/fastq/ERR126/017/ERR12670517/ERR12670517_1.fastq.gz	ftp.sra.ebi.ac.uk/vol1/fastq/ERR126/017/ERR12670517/ERR12670517_2.fastq.gz
ERR12670519	ftp.sra.ebi.ac.uk/vol1/fastq/ERR126/019/ERR12670519/ERR12670519_1.fastq.gz	ftp.sra.ebi.ac.uk/vol1/fastq/ERR126/019/ERR12670519/ERR12670519_2.fastq.gz
ERR12670520	ftp.sra.ebi.ac.uk/vol1/fastq/ERR126/020/ERR12670520/ERR12670520_1.fastq.gz	ftp.sra.ebi.ac.uk/vol1/fastq/ERR126/020/ERR12670520/ERR12670520_2.fastq.gz
